asin,Title,rate1,rate2,rate3,rate4,rate5,rating,totalreviews
B0000SX2UC,Dual-Band / Tri-Mode Sprint PCS Phone w/ Voice Activated Dialing & Bright White Backlit Screen,2,1,3,5,3,3,14
B0009N5L7K,Motorola I265 phone,3,0,0,1,3,3,7
B000SKTZ0S,MOTOROLA C168i AT&T CINGULAR PREPAID GOPHONE CELL PHONE,4,0,3,7,8,2.7,22
B001AO4OUC,Motorola i335 Cell Phone Boost Mobile,8,0,0,3,10,3.3,21
B001DCJAJG,Motorola V365 no contract cellular phone AT&T,1,1,3,2,5,3.1,12
B001GQ3DJM,Nokia 1680 Black Phone (T-Mobile),1,0,1,1,0,2.7,3
B0029F2O3A,"Samsung Alias2 U750 Phone, Black (Verizon Wireless)",5,4,7,7,6,3,29
B002AS9WEA,Samsung a167 Prepaid GoPhone (AT&T),4,3,3,2,6,2.9,18
B002UHS0UI,Verizon Wireless Motorola RAZR V3m - Silver,68,17,24,22,76,2.7,208
B002WTC1NG,Motorola Barrage V860 Phone (Verizon Wireless),47,20,30,50,201,3.6,352
B0033SFV5A,Verizon or PagePlus Samsung Smooth U350 Great Condition Blue CDMA Cell Phone,17,2,4,8,25,3.3,57
B003FCO9XE,Samsung Smooth Verizon Wireless Prepaid Mobile Cell Camera Phone CDMA,20,6,7,12,32,2.6,78
B003P2VNAQ,"Samsung Rugby II, Black (AT&T)",22,8,6,9,22,3.6,70
B003W646YK,Motorola i570 Nextel iDen PTT rugged black cell phone,0,2,0,1,0,2.9,3
B003XREZ4O,"Samsung Gusto, Black (Verizon Wireless)",5,7,3,0,1,3.4,16
B0046REOWS,Samsung T201G Prepaid Phone (Net10),6,0,1,6,9,3.6,22
B004C7NVD0,Samsung Convoy SCH-U640 Cell Phone Ruggedized PTT 2+ megapixel Camera for Verizon,16,1,10,19,58,3.2,107
B004GLQTG8,Samsung R355C Net 10 Unlimited,12,5,19,35,75,3.5,146
B004H23JXW,"Samsung Focus I917 Unlocked Phone with Windows 7 OS, 5 MP Camera, and Wi-Fi--No Warranty (Black)",67,26,34,65,157,3.4,349
B004MK9VLS,Nokia C3 Prepaid GoPhone (AT&T) with $30 Airtime Credit,1,1,0,3,2,3,7
B004YBP8EY,Samsung SA-S5260WESP Cellphone - Unlocked Phone - US Warranty - White,3,3,3,3,11,3.1,23
B005B3OXWC,Samsung Freeform III Prepaid Phone (MetroPCS),6,4,2,9,11,3.1,32
B006OU39QW,Verizon Samsung Convoy U660 No Contract Rugged PTT Cell Phone Grey Verizon,28,12,20,46,144,4.1,252
B006VH79R8,Samsung Replenish Prepaid Android Phone (Boost Mobile),14,8,13,17,32,3.7,84
B00727AODC,"Samsung Focus Flash I677 8GB Unlocked GSM Phone with Windows 7.5 OS, 5MP Camera, GPS, Wi-Fi, Bluetooth and FM Radio - Black",22,11,11,21,58,3.1,123
B007LU0HU0,Samsung Replenish SPH-M580 Blue No Contract Sprint Cell Phone,3,3,1,3,0,2.5,10
B007X6FFLS,Samsung a157 GoPhone (AT&T),40,16,35,70,144,3.4,305
B0081TDISI,Motorola Brute i686 Rugged PTT For Sprint,4,0,0,3,3,2.8,10
B00836Y6B2,Nokia Lumia 900 Black Factory Unlocked,206,80,107,133,399,3.2,929
B008PAW5EQ,"Samsung U365 Gusto 2 Prepaid Phone (Verizon Wireless, Prepaid)",16,7,9,8,33,3.7,74
B0096DERAG,Motorola MC75A Hand Held Computer Windows Mobile 6.5 MC75A8-PYFSWQRA9WR,1,0,0,0,0,1,1
B0096QYH80,"Motorola Droid RAZR M XT907 Verizon Wireless, 8GB, White",113,36,39,83,216,3,488
B009LRMQTG,Telcel America Motorola Pre-Paid Cell Phone - Motogo! EX431G - Black,21,12,25,29,109,3.9,196
B00A2V7BA4,"Nokia Lumia 920, Black 32GB (AT&T)",46,15,28,48,331,3.4,468
B00A2V7ULY,"Nokia Lumia 920, Yellow 32GB (AT&T)",4,1,2,4,34,3,45
B00A408AF8,"Samsung Galaxy Express, Gray 8GB (AT&T)",3,0,0,0,5,2.9,8
B00A7F57EM,Nokia Lumia 822 16GB Windows Phone Black - Verizon,11,6,4,10,31,3.4,62
B00A7F5M9W,"Nokia Lumia 822, White 16GB (Verizon Wireless)",3,1,1,2,16,3.6,23
B00ACZ0DUA,Nokia Lumia 920 32GB Unlocked GSM Windows 8 Smartphone w/ Carl Zeiss Optics Camera - Yellow,13,6,10,7,38,3,74
B00B5081MI,"Samsung A157 Unlocked GSM Cell Phone with Internet Browser, 3G Capabilities, SMS & MMS and Speakerphone - Black",18,3,5,9,14,2.4,49
B00BV1MVJ0,"Samsung Galaxy S4 GT-I9500 Factory Unlocked Cellphone, 16GB, White",4,3,0,2,1,3.8,1
B00CEKXJ3Y,"Samsung Galaxy S4, Black Mist 16GB (Sprint)",75,19,38,81,346,3.5,561
B00CEKXZA6,"Samsung Galaxy S4, White Frost 16GB (Sprint)",35,16,15,59,228,3.8,354
B00CGIULGC,Samsung Galaxy Rugby Pro 4G LTE I547 Unlocked Android Ruggedized Smart Phone,69,26,45,62,160,3.2,365
B00CQAODG4,"Nokia Lumia 928, White 32GB (Verizon Wireless)",44,28,24,63,190,3.2,349
B00CS2ZWKQ,Nokia Lumia 925 (RM-893) 4G LTE Windows 8 Smartphone GSM Unlocked,16,6,6,22,42,3.2,94
B00D35Z6OE,Huawei Glory Android Prepaid Phone (Net10),12,1,9,5,9,3.1,36
B00D99ZBR6,Samsung Galaxy Prevail II (Boost Mobile) (Discontinued by Manufacturer),61,21,37,54,139,3.5,314
B00E45043A,Nokia Lumia 520 (AT&T Go Phone) No Annual Contract (Discontinued by Manufacturer),0,0,1,2,7,3.8,4
B00E6FGSHY,"Samsung Galaxy S4, White Frost 16GB (AT&T)",89,36,40,108,366,3.7,641
B00E8TGT1S,Nokia Lumia 520 Quad-Band GSM Unlocked Smartphone - Blue,2,0,0,0,3,2.1,5
B00EP2BN00,"Samsung Convoy 3, Gray (Verizon Wireless)",59,26,28,60,164,3.4,340
B00F1HVZ0Q,Samsung Galaxy S4 M919 16GB T-Mobile 4G LTE Smartphone - Black Mist,18,6,8,12,66,3.7,111
B00F2SKPIM,"Samsung Galaxy Note 3, Black 32GB (Verizon Wireless)",92,35,50,107,697,3.9,983
B00F3JPKCG,"Nokia Lumia 925, Black 16GB (AT&T)",13,6,7,6,12,2.7,46
B00F9RRVUG,Samsung a157V (AT&T Go Phone) No Annual Contract,28,18,34,51,164,3.5,299
B00FTV382C,"SAMSUNG GALAXY NOTE 3 , T-Mobile (locked) white",17,4,5,10,45,3.4,85
B00G9G0HTI,"Samsung ATIV S Neo I187 (16GB, 1GB RAM) 4.77 Display | Dual Camera | 2,000 mAh Battery | Windows 8.1 SmartPhone | 4G LTE | GSM Unlocked | Royal Blue",0,1,0,2,7,4,10
B00HE5834Y,Motorola Droid Ultra XT1080 16GB 4G LTE Android Smartphone W/ 10MP Camera - Black,6,1,1,5,17,3.5,30
B00HPP3QD6,Moto G - Verizon Prepaid Phone (Verizon Prepaid Only),64,25,48,126,509,4,773
B00HWEMZ1E,"Nokia Lumia Icon, Black 32GB (Verizon Wireless)",12,8,11,19,109,3.8,159
B00I2KY5TM,Nokia Lumia 928 32GB Unlocked GSM 4G LTE Windows 8 Smartphone - White,2,1,2,2,6,3.5,13
B00IZ1X21K,"Samsung Galaxy S5, G900P 16GB White - Sprint",4,3,0,0,3,3.7,5
B00JEHJMG8,Samsung Galaxy S4 16GB SPH-L720 4G LTE Android - Sprint (Blue),29,10,5,19,68,3.3,135
B00JH2WF0K,"Samsung Gusto 3, Dark Blue, Verizon Wireless",28,4,4,6,36,3.2,81
B00JH2WPO6,"Samsung ATIV SE, Silver 16GB (Verizon Wireless)",4,0,3,3,11,3.8,22
B00JS73V2U,"Motorola DROID MAXX, Black 16GB (Verizon Wireless)",25,11,24,46,152,4.1,263
B00JYR6GGM,"Samsung Gusto 3, Royal Navy Blue (Verizon Wireless Prepaid) - Discontinued by Manufacturer",75,14,20,36,114,3.3,262
B00K0NS0P4,"Motorola Moto G (1st Generation) Unlocked Cellphone, 8GB, White",1,2,0,3,4,4,1
B00KM10ITK,Nokia Lumia 635 8GB Unlocked GSM 4G LTE Windows 8.1 Quad-Core Phone - Black,132,42,42,149,323,3.5,693
B00LAEA84S,Samsung Galaxy S5 G900V Verizon 4G LTE Smartphone w/ 16MP Camera - Black - Verizon,177,52,55,78,255,3.2,627
B00LIYEMTC,Sony Xperia Z2 - Unlocked (White),1,0,0,0,4,3.2,5
B00MWI4HW0,"Motorola Moto G (2nd generation) Unlocked Cellphone, 8GB, Black",0,1,0,1,8,4.1,3
B00MWI4KKE,"Motorola Moto X (2nd generation) XT1097 GSM Unlocked Cellphone, 16GB, Black Soft Touch",62,16,27,80,239,3.5,428
B00N532A34,"Samsung Galaxy Alpha, Frosted Gold 32GB (AT&T)",19,11,14,12,57,3.1,113
B00N532DU4,"Samsung Galaxy Mega 2, Brown Black 16GB (AT&T)",22,12,9,10,52,3.2,106
B00NKR9MJA,"Samsung Galaxy Note 4, Frosted White 32GB (Sprint)",52,7,10,29,122,3.2,227
B00NKRE7MW,"Samsung Galaxy Note 4, Frosted White 32GB (Verizon Wireless)",6,0,0,1,3,3.4,1
B00NO2WXM4,"Motorola Moto X - 2nd Generation, Black Resin 16GB (Verizon Wireless)",11,4,7,24,78,3.9,124
B00O15MWOM,Nokia Lumia 530 White - No Contract (T-Mobile),85,32,44,54,157,3.2,378
B00O2ALRNS,"Samsung Galaxy S4 SGH-I337 USA GSM Unlocked Cellphone, 16GB, Frost White",62,15,10,13,72,2.8,175
B00O2SW2IY,Verizon 4G LTE Moto Luge by Motorola Prepaid Smartphone,10,1,5,7,8,3.1,31
B00OEK6TWU,Samsung Galaxy Note 3 N900A 32GB Unlocked GSM Octa-Core Smartphone w/ 13MP Camera - Black,70,21,25,42,264,3.6,431
B00OZTSY6Y,"Motorola DROID Turbo XT1254, Black Ballistic Nylon 32GB (Verizon Wireless)",98,26,41,80,293,3.6,545
B00PLBFPAS,"Nokia Lumia 630 Windows Prepaid SmartPhone, Carrier Locked to Cricket Wireless, No Contract",3,1,1,3,6,3.3,14
B00QFZOYFG,Samsung Solstice II A817 Touch Screen (AT&T) No Contract,1,0,1,1,1,3.3,4
B00QHJTOK0,Samsung Galaxy Centura SCH-S738C - (Net10),1,0,0,0,0,1,1
B00SIB3HS0,Samsung Galaxy S4 M919 16GB Unlocked GSM 4G LTE Quad-Core Smartphone - White Frost,12,3,5,2,8,2.6,32
B00TFAVFL4,"Motorola Moto E (2nd Generation) Locked Cellphone, Black",0,1,0,2,7,3.8,1
B00TRLXO6U,Nokia Lumia 928 32GB Unlocked GSM 4G LTE Windows Smartphone w/ 8MP Carl Zeiss Optics Camera - Black,18,7,8,20,59,3.8,112
B00V7FXCZ2,"Samsung Galaxy S6, Black Sapphire 32GB (Verizon Wireless)",6,1,1,2,0,3.5,1
B00V7FY44A,"Samsung Galaxy S6 Edge, White Pearl 32GB (Verizon Wireless)",97,38,34,50,278,3.5,505
B00V8STWY8,"Apple iPad Air MF529LL/A (32GB, Wi-Fi + at&T, White with Silver) (Renewed)",2,2,1,0,1,2.7,6
B00VH2TWBS,Samsung GALAXY S6 G920 32GB Unlocked GSM 4G LTE Octa-Core Smartphone - Black Sapphire,89,21,13,20,94,3.1,243
B00VQQ294C,Apple iPod Touch 16GB (5th Generation) - Space Gray (Renewed),17,4,5,5,24,2.8,60
B00WF988BW,Samsung Convoy 3 SCH-U680 Rugged 3G Cell Phone Verizon Wireless,46,19,18,34,139,3.7,264
B00WHE2WCG,Samsung Galaxy S6 G920A 32GB Unlocked GSM 4G LTE Octa-Core Android Smartphone with 16MP Camera - Black Sapphire,126,20,28,30,127,2.9,338
B00WIYFBWI,Samsung Galaxy S6 Edge G925F 32GB Unlocked Phone - Retail Packaging - Black Sapphire,2,0,0,0,5,2.3,7
B00X2ZQ5RM,Samsung Galaxy S6 32GB G920A AT&T Unlocked - Gold Platinum,45,13,6,10,56,2.8,134
B00XQVDW6Y,Motorola Moto E LTE - No Contract Phone (U.S. Cellular),7,5,9,10,33,3.7,64
B00ZE8HRYK,"Samsung Galaxy S6 Active, 32 GB , Grey (AT&T)",86,28,17,29,152,3.7,325
B010CK8O9Q,"Sony Xperia Z3 Plus E6533 32GB Black 3G/4G, Dual SIM Unlocked Factory 4G LTE - International Version No Warranty",1,0,0,0,3,3.1,4
B010V43VFA,Sony Experia Z3+ 4G LTE Unlocked 32GB Octa Core 3GB RAM E6553 (LTE USA Latin Caribbean Europe) Waterproof 23 MP No Warranty (White),9,1,4,6,18,3,41
B011AC4U7A,Samsung Galaxy S6 G920T 32GB Unlocked GSM 4G LTE Octa-Core Android Smartphone w/ 16MP Camera - Black,43,9,7,16,63,3.3,142
B0134TVNSQ,"Samsung Galaxy S6 Edge+, Black 64GB (Sprint)",17,9,6,24,100,3.9,162
B013XAPUW6,"Samsung Galaxy Note 5, Black  64GB (Verizon Wireless)",169,58,48,92,406,3.6,799
B014GCG150,"Samsung Galaxy J5 SM-J500H/DS GSM Factory Unlocked Smartphone, International Version (Gold)",74,26,44,98,394,4.1,645
B014V5XDV2,Samsung Galaxy S6 G920v 32GB Verizon Wireless CDMA Smartphone - Gold Platinum (Renewed),24,7,9,16,29,3.2,90
B014VLTTC8,Samsung Galaxy Mega 6.3 I527 16GB Unlocked GSM 4G LTE Smartphone w/ 8MP Camera - White,10,1,2,2,16,2.8,32
B015ROR4PC,Motorola Droid Turbo - 32GB Android Smartphone - Verizon - Gray (Renewed),4,2,1,8,21,3.5,36
B016WYTYFE,Samsung Galaxy S5 SM-G900T - 16GB - Shimmery White Smart Phone - Unlocked (Renewed),4,0,1,1,4,3.4,2
B0172EEAQQ,"Nokia 105 RM-1135 Dual-Band (850/1900 MHz) Factory Unlocked Mobile Phone, Black, 2G Network Only.",59,3,6,9,46,2.9,127
B018OMP8ES,Samsung Galaxy Note 5 SM-N920V Gold 32GB (Verizon Wireless),169,58,48,92,406,3.6,799
B018TUJE9U,Samsung Galaxy S6 G920A 64GB Unlocked GSM 4G LTE Octa-Core Android Smartphone w/ 16MP Camera - White,4,1,0,3,6,3.3,14
B0192XJ0P6,"Motorola XT1585 Turbo 2, (32GB) 5.4' (White, Verizon)",110,33,31,22,91,2.8,289
B019S654DO,Samsung Galaxy S4 16GB Black SPH-L720T Tri-Band (Boost Mobile),18,9,12,26,72,3.7,138
B019TWO7DU,"Huawei Nexus 6P unlocked smartphone, 64GB Gold (US Warranty)",8,1,0,0,1,3.3,2
B019VHBB32,Motorola Droid Turbo 2 XT1585 32GB - Verizon (Black),15,6,3,3,31,3.3,58
B01ATTBXY8,Motorola Droid Turbo - 32GB Android Smartphone - Verizon - Black (Renewed),47,15,11,28,99,3.8,209
B01AUOS8BI,"Apple iPhone 6S Plus, 128GB, Rose Gold - For AT&T / T-Mobile (Renewed)",3,1,0,0,1,2.5,7
B01BG1MW5C,Samsung Galaxy Note 5 SM-N920T 32GB Black Smartphone for T-Mobile,24,6,4,13,43,3.5,91
B01BHEBDVW,Motorola Droid Maxx 2 XT1565 16 GB Verizon Phone w/ 21 MP Rear Camera - White,8,3,1,3,10,3.1,26
B01BLSX96G,Samsung Galaxy Grand Prime Prepaid Smartphone Family Mobile Powered by T-Mobile,2,1,1,1,4,3.3,9
B01CJ3SCJ6,Samsung Galaxy S7 32GB Unlocked (Verizon Wireless) - Gold,74,18,19,19,112,3.2,250
B01CJ3SCN2,"Samsung Galaxy S7, Black 32GB (Verizon Wireless)",48,13,17,24,107,3.6,220
B01CJ3SF02,"Samsung Galaxy GS7 Edge, Gold 32GB (Verizon Wireless)",5,1,2,3,24,3.8,37
B01CN1RZY2,Samsung Galaxy Note 5 SM-N920T 64gb - Unlocked Cellphone GSM - Platinum Gold (T - Mobile),14,1,2,1,15,2.7,34
B01CP4CGBE,"Samsung Galaxy GS7 Edge, Gold 32GB (Sprint)",7,0,2,2,10,3.4,25
B01CP4CGSC,"Samsung Galaxy S7, G930P Gold 32GB (Sprint)",9,3,3,12,27,3.9,56
B01CR1FQMG,"Apple iPhone 6S, 64GB, Rose Gold - For AT&T / T-Mobile (Renewed)",5,0,1,0,4,3.8,1
B01CU22RL0,Samsung Galaxy S7 Edge Smartphone - GSM Unlocked - 32 GB - No Warranty - Black,12,6,8,10,26,3.3,63
B01CYYYRNK,"Samsung Galaxy S7 SM-G930A AT&T Unlocked Smartphone, (Black Onyx)",121,42,32,32,153,3.1,394
B01D0JV7AO,Samsung Galaxy S6 SM-G920V 32GB Sapphire Black Smartphone for Verizon (Renewed),5,0,0,1,4,3.5,1
B01D0JXCKW,Samsung Galaxy S6 SM-G920V 32GB Gold Smartphone for Verizon (Renewed),5,0,0,1,4,3.5,1
B01D1J9BGU,Samsung Galaxy S7 Edge G935FD 32GB Unlocked GSM 4G LTE,193,35,38,69,440,3.8,783
B01D4Z97UG,Samsung Galaxy S6 SM-G920A 32GB Unlocked GSM 4G LTE Octa-Core Smartphone w/ 16MP Camera - White (Renewed),6,0,1,1,2,2.9,11
B01D53A7KG,Samsung Galaxy S6 SM-G920A 32GB White Smartphone for AT&T (Renewed),26,9,9,18,73,3.6,139
B01DL9TVW4,"Samsung Galaxy S5 G900A Factory Unlocked Cellphone, Android 16GB, Gold",7,0,1,0,2,3.2,1
B01DUPOOMG,Samsung Galaxy S6 G920P 32GB Black Boost Mobile Smartphone,1,3,2,3,20,3.7,29
B01DZ2CS4U,Samsung Galaxy S7 32GB G930V Unlocked - Black,74,18,19,19,112,3.2,250
B01DZJFWNC,Moto G Plus (4th Gen.) Unlocked - Black - 64GB - U.S. Warranty,4,0,1,0,5,3.5,1
B01DZJFWWS,Moto G (4th Gen.) Unlocked - Black - 32GB,4,2,0,1,3,3.5,1
B01E7FK14S,Samsung Galaxy J3 Express Prime 2 SM-J327A 4G LTE 7.0 Nougat 5 Smartphone (AT&T) - Black,6,1,4,12,22,3.9,50
B01EIVMETG,Samsung Galaxy J1 Mini 8GB J106H/DS Dual Sim Unlocked Phone - Retail Packaging- Black,41,22,10,26,63,3.2,169
B01EWKHIAI,Microsoft Lumia 950 32GB Dual Sim NAM RM-1118 GSM Factory Unlocked - US Warranty (Black),7,3,5,13,35,3.9,67
B01F5FYXNO,"Samsung Galaxy J3, Verizon LTE Prepaid (Black)",16,4,11,12,47,3.6,91
B01FCFZS3G,Samsung Galaxy S7 Edge G935A 32GB AT&T - Black Onyx,51,12,9,18,115,3.5,211
B01FIW1B9S,Samsung Galaxy S7 G930T 32GB T-Mobile - Black,46,4,11,17,111,3.8,194
B01FJT7E3M,"Sony Xperia XA Ultra (F3213) 4G LTE Unlocked GSM Phone w/ 6” Borderless Display, 21.5MP+16MP Cameras, Octa-Core CPU - White",82,35,48,77,194,3.6,441
B01FJT7MZC,Sony Xperia X Performance F8131 32GB Unlocked GSM LTE Android Phone w/ 23MP Camera - Black,11,7,8,18,70,3.9,117
B01FJT7N4W,Sony Xperia X F5121 32GB GSM 23MP Camera Phone - Graphite Black,27,13,22,32,102,3.8,200
B01GP2XIJQ,Samsung Galaxy Amp 2 - Cricket,3,0,0,1,7,3.9,11
B01GXAT0CE,"Apple iPhone SE, 16GB, Rose Gold - For AT&T / T-Mobile (Renewed)",6,1,0,0,3,3.8,2
B01H93TCCM,Samsung Galaxy S7 Active SM-G891A 32GB Sandy Gold No-Contract AT&T,8,1,3,4,22,3.6,39
B01HFJR6NW,Motorola Droid MAXX XT1080M 16GB Black Verizon and GSM Unlocked (Certified Refurbished),3,1,2,4,7,3.3,17
B01HFK15BU,Samsung Galaxy S6 G920V 32GB Verizon 4G LTE Smartphone W/ 16MP Camera - White,12,3,1,2,22,3.4,45
B01HFLRS38,Motorola Droid MAXX XT1080M 16GB Red Verizon and GSM Unlocked (Renewed),4,0,2,2,7,3.4,15
B01HTZ4T8C,"Samsung Galaxy S7 G930V 32GB, Verizon, Black Onyx, Unlocked Smartphones (Renewed)",37,9,9,18,73,3.7,190
B01I0HP1Z8,Samsung Galaxy S6 G920T Unlocked GSM 4G LTE Smartphone w/ 16MP Camera - White Pearl,16,5,3,6,23,2.9,55
B01I8V0MJQ,Samsung Galaxy S7 32GB T-Mobile - Gold Platinum,46,4,11,17,111,3.8,194
B01INV912A,motorola G4 16GB Smartphone,0,0,1,0,0,3,1
B01J63O3KY,Samsung GS6 5.1 Certified Pre-Owned Carrier Locked Phone - 32GB - White (Verizon),1,0,0,0,1,2.9,2
B01J63ODA4,"Samsung Galaxy S6 (Verizon) Certified Pre-Owned Prepaid Carrier Locked, White",1,1,0,0,1,2.5,3
B01JAWWVXW,"Apple iPhone 6S Plus, 16GB, Silver - For AT&T / T-Mobile (Renewed)",32,4,5,17,125,4.1,195
B01K5R3GXK,Motorola DROID Turbo XT1254 32GB Verizon Black Ballistic Nylon (Renewed),26,5,2,13,29,3.2,77
B01K5RGPIS,Samsung Galaxy S6 G920A 64GB Unlocked GSM 4G LTE Octa-Core Android Smartphone with 16MP Camera - Black Sapphire,20,4,9,5,23,2.9,61
B01L9D7J00,Samsung Convoy 4 B690 Rugged Water-Resistant Verizon Flip Phone w/ 5MP Camera - Blue,33,12,5,12,44,3.3,115
B01LEL8ABY,"Moto Z GSM Unlocked Smartphone, 5.5 Quad HD screen, 64GB storage, 5.2mm thin - Black",92,38,17,33,122,3,305
B01LXF0WML,"Sony Xperia XZ F8332 64GB Forest Blue, 5.2, Dual Sim, GSM Unlocked International Model, No Warranty",30,23,12,31,154,3.9,255
B01LY3OB8D,Google Pixel XL Phone 32GB - 5.5 inch display ( Factory Unlocked US Version ) (Very Silver),122,20,17,35,228,3.9,455
B01LYHIUQ7,"Apple iPhone 6S, 32GB, Silver - For AT&T / T-Mobile (Renewed)",6,1,4,2,29,4.1,46
B01LZXT34U,Samsung Galaxy S6 Edge Plus SM-G928T 32GB for T-Mobile (Renewed),2,0,0,1,9,4,12
B01M01YX15,"Google Pixel Phone - 5 inch display (Factory Unlocked US Version) (32GB, Quite Black)",74,28,29,30,136,3.5,302
B01M0PADR4,"Google Pixel XL G2PW210032GBBK Factory Unlocked Smartphone, 32GB, 5.5-Inch Display - U.S. Version (Quite Black)",131,29,34,46,175,3.4,429
B01M1CT4PT,Google Pixel XL Phone 32GB - 5.5 inch display (Factory Unlocked US Version) (Really Blue),3,1,1,2,12,3.8,20
B01M1HY1E3,Sony Xperia XZ F8331 32GB Unlocked GSM 4G LTE Phone w/ 23MP Camera - Mineral Black,34,20,29,46,118,3.6,249
B01M59QP6C,Samsung Galaxy Note 5 SM-N920V 32GB White Smartphone for Verizon (Renewed),83,29,21,28,116,3.2,289
B01M6X8SDM,Huawei Honor 8 Dual Camera Unlocked Phone 64GB - Sapphire Blue - GSM - US Warranty,3,0,0,2,5,4.2,1
B01MDMJGYT,Motorola MOTO Z PLAY (XT1635) Factory Unlocked Phone - 5.5 Screen - 32GB - Black (International Version - No Warranty),22,6,6,21,99,4.1,161
B01MSC0FK8,Samsung Galaxy S7 G930P 32GB Gold - Sprint (Renewed),40,8,9,13,59,3.5,140
B01MY2FEAS,Samsung Galaxy Note 5 N920T 32GB - White (T-Mobile),2,1,2,0,8,3.7,14
B01MZG55UE,"Samsung Galaxy S6, G920P White Pearl 32GB - Sprint (Renewed)",38,12,16,11,44,3.1,124
B01N064CH1,Motorola Droid MAXX 2 XT1565 16GB Blue - Verizon Unlocked (Renewed),7,4,0,4,12,3.3,27
B01N0O2MFZ,"Motorola XT1601 Moto G4 Play DUAL SIM Black+Lava Cover 2GB/16GB (International Version) , GSM ONLY",0,1,3,0,3,3.5,7
B01N1Q6V7K,Samsung J3 - Verizon Prepaid,8,4,1,4,24,3.6,41
B01N2HPFWK,"Google Pixel XL (128GB, 4GB RAM) 5.5 AMOLED HD Display, Global 4G LTE, US Factory Unlocked Model (GSM, Verizon, Sprint) - Very Silver",15,1,1,13,48,3.9,87
B01N37MPDI,"Samsung Galaxy Note 5, N920P 64GB - Gold Platinum (Sprint)",1,0,0,2,2,3.9,6
B01N4E0RF1,Samsung Galaxy S7 - Black - 32GB - Verizon (Renewed),98,28,37,80,289,3.8,600
B01N4IHGHI,"Apple iPhone 6S, 16GB, Gold - For AT&T (Renewed)",10,2,2,4,23,3.7,46
B01N4R20RS,"Apple iPhone 7, 32GB, Black - Fully Unlocked (Renewed)",7,0,0,0,3,3.6,4
B01N5BOBIF,"Google Pixel, 5 32GB (Verizon Wireless) - Black",11,2,1,1,11,3,26
B01N5WQ2P4,Samsung Galaxy Note 4 N910P 32GB Frosted White - Sprint (Renewed),3,2,2,0,3,3.2,10
B01N9I0RWL,"Apple iPhone 6S, 128GB, Rose Gold - For AT&T / T-Mobile (Renewed)",0,0,1,0,2,4.6,3
B01N9R1JA7,Samsung TWSAS120VCP-3 Galaxy J1 Luna 4G LTE Total Wireless Prepaid Smartphone,1,0,1,1,4,3.7,8
B01N9TM7KG,"Samsung Galaxy S7 Edge, 5.5 32GB (Verizon Wireless) - Blue",34,12,10,17,99,3.7,181
B01N9XOXCK,Samsung Galaxy S7 Edge G935V 32GB Gold - Verizon (Renewed),124,36,46,62,300,3.8,606
B01N9YO1DS,"Apple iPhone 7, 128GB, Gold - For AT&T / T-Mobile (Renewed)",52,16,19,18,81,3.5,227
B01NB1KG8U,Samsung Galaxy S7 Edge G935A 32GB Gold - Unlocked GSM (Renewed),45,12,13,33,156,4,308
B01NC157KR,Samsung Galaxy Note 5 32GB N920P Gold Platinum - Sprint (Certified Refurbished),24,4,1,4,33,3.3,69
B01NC2MEJP,Samsung Galaxy Note 5 32GB GSM Unlocked - Black (Renewed) (D132),99,24,29,28,92,3.2,301
B06WP78R6X,Samsung Galaxy S7 Edge G935P 32GB Black - Sprint (Renewed),10,1,6,5,37,3.6,60
B06WRSK754,Samsung Galaxy S6 G920A 32GB Unlocked GSM (Black Sapphire) (Renewed),9,2,0,1,11,3.2,31
B06WWLYGWW,Samsung Galaxy S6 Edge G925P 32GB White Pearl - Sprint (Certified Refurbished),0,0,0,0,2,5,2
B06X9HVVC5,Sony Xperia XA1 G3123 32GB Unlocked GSM LTE Octa-Core Phone w/ 23MP Camera - White,73,41,25,20,72,3,232
B06X9X15Y8,"Apple iPhone 7 Plus, 128GB, Silver - Fully Unlocked (Renewed)",4,0,0,1,5,3.9,2
B06XGLHP8V,"Apple iPhone 7 Plus, GSM Unlocked, 128GB - Rose Gold (Renewed)",19,3,2,5,26,3.5,83
B06XGZHSBS,Sony Xperia L1 G3313 16GB Unlocked GSM Quad-Core Android Phone - Pink,17,10,13,22,49,3.7,117
B06XJCHZPW,Samsung Galaxy S6 Edge G925P 32GB Gold - Sprint (Renewed),1,0,0,0,0,1,1
B06XR1K6HR,"Apple iPhone 6S Plus, 64GB, Rose Gold - For AT&T / T-Mobile (Renewed)",11,2,2,2,30,3.8,56
B06XR8G1TX,"Apple iPhone 6S, 64GB, Space Gray - Fully Unlocked (Renewed)",78,28,30,44,141,3.5,394
B06XRG6S73,"Apple iPhone 6S, 16GB, Rose Gold - For AT&T / T-Mobile (Renewed)",67,23,25,45,179,3.7,379
B06XRJQX91,"Apple iPhone 6S, 64GB, Rose Gold - For AT&T / T-Mobile (Renewed)",94,22,32,46,176,3.6,427
B06XRJXL3R,Apple iPhone 7 Plus 256GB Unlocked GSM Quad-Core Phone - Black (Renewed),22,4,7,13,78,4.1,153
B06XRN4RWL,"Apple iPhone 7 Plus, 128GB, Gold - For Sprint (Renewed)",7,0,3,2,11,3.8,28
B06XS2GWFC,Samsung Galaxy J7 - Verizon Carrier Locked No Contract Prepaid Smartphone,106,22,20,45,179,3.6,381
B06XS3CTJM,Apple iPhone 7 Plus 256GB Unlocked GSM 4G LTE Quad-Core Smartphone - Jet Black (Renewed),34,6,7,16,92,4,193
B06XS4978K,Apple iPhone 7 Plus 32GB Unlocked GSM 4G LTE Quad-Core Smartphone - Black (Renewed),15,2,6,10,44,3.8,101
B06XS98LMS,Samsung G550T GSM 4G LTE Unlocked Galaxy ON5 Smartphone,15,5,3,12,21,3.5,58
B06XSF5C42,Samsung Galaxy S7 Edge 32GB G935A GSM Unlocked (Renewed) (Black),65,22,21,41,119,3.5,301
B06XW9RMYW,"Samsung Galaxy S7 Active G891A 32GB Unlocked GSM Shatter,Dust and Water Resistant Smartphone w/ 12MP Camera (AT&T) - Sandy Gold",38,10,16,13,74,3.5,160
B06XY93RFQ,Samsung Galaxy Note 4 N910v 32GB Verizon Wireless CDMA Smartphone - Frosted White (Renewed),38,8,5,5,41,3,116
B06XYKR7GP,Samsung Galaxy S8+ 64GB GSM Unlocked Phone - International Version (Midnight Black),7,3,3,5,32,4,54
B06XYMCMHD,"Samsung Galaxy S8 SM-G950F Unlocked 64GB - International Version/No Warranty (GSM Only, No CDMA) (Midnight Black)",22,3,2,11,76,3.9,117
B06XZPNYL7,Samsung Galaxy S8 64GB GSM Unlocked Phone - International Version (Orchid Gray),6,1,0,3,8,3.1,20
B06XZRH5ZC,Samsung Galaxy S8 64GB Unlocked Phone - International Version (Maple Gold),23,6,3,9,67,4,117
B06XZWNRC5,Samsung Galaxy S8+ SM-G955U 64GB Arctic Silver AT&T,2,2,0,1,3,3.1,8
B06Y14K2C6,Samsung Galaxy S8+ 64GB Phone -6.2 display - T-Mobile Unlocked (Arctic Silver),14,2,3,8,45,4.1,83
B06Y14T5YW,Samsung Galaxy S8 64GB Factory Unlocked Smartphone - US Version (Midnight Black) - US Warranty - [SM-G950UZKAXAA],8,0,0,0,2,4,2
B06Y15CB1T,Samsung Galaxy S8 64GB GSM Unlocked Phone - US Version (Coral Blue),0,0,1,1,1,4,3
B06Y15D68F,Samsung Galaxy S8 64GB Unlocked Phone - US Version (Orchid Gray),5,0,3,2,11,3.6,24
B06Y16RL4W,Samsung Galaxy S8+ 64GB Factory Unlocked Smartphone - 6.2 Screen - US Version (Midnight Black) - US Warranty [SM-G955UZKAXAA],175,50,42,56,422,3.7,793
B06Y17BL9Y,Samsung Galaxy S8 G950U 64GB AT&T GSM Unlocked Phone - Orchid Grey,1,1,1,0,1,2.5,4
B06Y189H68,Samsung Galaxy S8 64GB Phone- 5.8 display - AT&T Unlocked (Midnight Black),15,0,1,2,28,3.5,48
B06Y18MNFG,Samsung Galaxy S7 G930T 32GB T-Mobile Unlocked - Gold (Certified Refurbished),2,1,0,0,2,2.8,5
B06Y29N548,Samsung Galaxy S7 Edge G935A 32GB Unlocked GSM Smartphone w/12MP Camera - Black,6,2,0,1,13,3.5,25
B06Y2GX8K8,"Sony Xperia XZ Premium - Unlocked Smartphone - 5.5, 64GB - Dual SIM - Pink (US Warranty)",21,10,10,25,103,4,169
B06Y3HCFZT,"Samsung Galaxy S8+, 6.2 64GB (Verizon Wireless) - Midnight Black",7,1,5,4,37,4.1,54
B06ZZMX54B,Samsung Galaxy J3 Emerge J327P SILVER Android Cell Phone - SPRINT,0,0,0,0,1,5,1
B0711S4T9J,"Huawei E8372h-608 Unlocked 150 Mbps 4G LTE WiFi USB Wingle (4G LTE in USA (AT&T only), Europe, Asia, Middle East and Africa) (White, Telenor Logo)",11,1,4,3,18,3.2,42
B0714DBSNH,Verizon Motorola Moto E4 Plus Carrier Locked Prepaid Phone,4,3,1,4,15,3.8,28
B071DQ128D,Samsung Galaxy S8 Plus (S8+) (SM-G955FD) 4GB RAM / 64GB ROM 6.2-Inch 12MP 4G LTE Dual SIM FACTORY UNLOCKED - International Stock No Warranty (MAPLE GOLD),14,6,4,14,69,4.1,112
B071H9KKKF,Samsung Galaxy S8 Plus (S8+) (SM-G955FD) 4GB RAM / 64GB ROM 6.2-Inch 12MP 4G LTE Dual SIM FACTORY UNLOCKED - International Stock No Warranty (MIDNIGHT BLACK),82,29,23,43,285,4,480
B071JP8XDJ,Sony Xperia XA1 Ultra G3223 32GB Unlocked GSM LTE Octa-Core Phone w/ 23MP - Gold,61,21,27,40,153,3.6,313
B071JPQYGK,"Apple iPhone 7 Plus, AT&T Locked, 128GB - Jet Black (Renewed)",1,1,1,3,5,3.5,12
B071KGTRG8,Samsung Galaxy J7 4G LTE 5 16 GB GSM Unlocked - Black,7,3,1,7,8,3.6,27
B071VGLCRX,Samsung Galaxy S6 (SM-G920V) - 32GB Verizon + GSM Smartphone - Black Sapphire (Renewed),33,10,8,23,78,3.7,173
B071VTYHDQ,Verizon Motorola Moto E4 Prepaid Phone - Carrier Locked to Verizon Prepaid,7,1,2,4,29,4.1,47
B071W9WQ8M,"Apple iPhone 6S, 32GB, Gold - For AT&T / T-Mobile (Renewed)",8,3,2,3,22,3.8,48
B071XBH5PL,Samsung Galaxy S8 Plus 64GB Orchid Gray AT&T,0,0,0,0,1,3.5,4
B071ZDQ6MV,Nokia 6 - 32 GB - Dual Sim Unlocked Smartphone (AT&T/T-Mobile/Metropcs/Cricket/Mint) - Update To Android 9.0 PIE - 5.FHD Screen - Blue - U.S. Warranty,100,47,41,82,251,3.7,558
B0721KVTMC,Samsung Galaxy Note 5 SM-N920T 32GB Platinum Gold - T-Mobile Unlocked GSM,8,2,1,4,8,3.2,26
B0722NN2RG,Samsung Galaxy S7 G930A 32GB Black Onyx - Unlocked GSM,19,3,5,11,47,3.7,92
B0723HG35R,Samsung Galaxy Tab S2 8.0 inch - 32 GB Tablet (Black) SM-T713 WiFi - (Certified Refurbished),1,0,0,0,2,3.8,3
B0723HG3FG,Samsung Galaxy J3 Prime SM-J327T 4G LTE 7.0 Nougat 5 Smartphone (T-Mobile) - Black,5,1,0,4,1,2.9,13
B0724ZGB5K,"Samsung Galaxy S8 (64GB) G950U 5.8 4G LTE Unlocked (GSM + CDMA, US WARRANTY) (Midnight Black)",10,0,2,1,3,2.4,16
B072B7XSVT,Google Pixel 1st Gen 32GB Factory Unlocked GSM/CDMA Smartphone for AT&T + T-Mobile + Verizon Wireless + Sprint (Quite Black),8,4,1,1,13,3.3,33
B072KPG9PN,Samsung Galaxy J3 Prime J327A 16GB 4G LTE 7.0 Nougat 5 GSM Unlocked - Black,40,9,13,24,85,3.7,183
B072MQRRTR,Samsung Galaxy S8 64GB SM-G950U Midnight Black - Sprint (Renewed),3,0,0,0,6,3.2,9
B072N3GKSM,"Google Pixel GSM Unlocked (Renewed) (32GB, Gray)",110,37,22,32,101,2.9,319
B072QR6NKG,Samsung Galaxy S8 64GB SM-G950U Orchid Gray - Sprint (Renewed),1,1,0,1,7,3.9,11
B072R77NG5,Motorola Moto Z2 4G LTE XT1710-09 Dual Sim Unlocked 64GB 4GB RAM Octa Core Fingerprint 5.5 International Version,1,1,0,1,2,3.2,5
B072V2BNM6,"Samsung Galaxy J3 Prime J327A | (16GB, 1.5 RAM) | 5 Full HD Display | Dual Camera | 2,600 mAh Battery | Android 7.0 Nougat | 4G LTE | GSM Unlocked Smartphone - (Silver)",6,6,4,3,20,3.7,45
B072ZWCKP5,Motorola XT1775 Moto E Plus (4th Gen.) 32GB Unlocked Fine Gold Smartphone,33,18,14,51,213,4.2,336
B0731HBTZ7,"Apple iPhone 7 32GB, Rose Gold (Renewed)",97,12,15,39,207,3.8,452
B0731KVYPN,"Google Pixel GSM Unlocked (Renewed) (128GB, Silver)",13,3,1,4,17,3.2,41
B0732NTJ2M,"Apple iPhone 6S, 16GB, Gold - For AT&T / T-Mobile (Renewed)",9,5,2,4,20,3.5,58
B0735HPCB1,Samsung Convoy 4 B690 Rugged Water-Resistant Verizon Flip Phone w/ 5MP Camera - Blue (Renewed),3,1,0,1,1,2.5,6
B0743HD6MS,"Apple iPhone 7, 32GB, Silver - For AT&T / T-Mobile (Renewed)",5,2,0,3,11,3.9,30
B0743J3P8G,Samsung Galaxy Tab 4 T237P 7.0-inch 16GB Sprint 4G LTE Android Tablet PC - Black (Certified Refurbished),1,0,0,0,0,1,1
B0743N1S93,Samsung Galaxy S7 G930A 32GB Unlocked GSM 4G LTE Quad-Core Phone w/ 12MP Camera - Rose Gold (Renewed),0,0,1,0,2,4.5,6
B07455VT9F,Samsung J327V Eclipse Verizon (Black),2,0,1,2,10,4.2,16
B074MJ3Y7L,Samsung Galaxy S7 Edge Verizon Wireless CDMA 4G LTE Smartphone w/ 12MP Camera and Infinity Screen - Silver,4,0,1,2,8,3.6,16
B074MJDYZM,Total Wireless Samsung Galaxy S8+ 4G LTE Prepaid Smartphone,0,0,0,0,2,5,2
B074N8N1V4,Huawei Y5 Lite 2017 CRO-L23 5.0 4G LTE Quad Core 8GB 8MP Smarthphone Factory Unlocked (Grey) (International Version- No Warranty),2,0,0,1,9,4.1,12
B074P62MW8,Sony Xperia XZ1 Factory Unlocked Phone - 5.2 Full HD HDR Display - 64GB - Venus Pink (U.S. Warranty),11,3,4,13,49,3.8,81
B074PYHP6Q,Samsung Galaxy S8 SM-G950UZVAATT - AT&T - Midnight Black (Renewed),1,0,0,0,2,2.8,4
B074VDZZKW,Motorola MOTO G5S Plus XT1806 32GB Factory Unlocked Cell Phone Blush Gold,1,0,0,1,9,4.4,11
B074VFCXB3,Motorola XT1806 Factory Unlocked Phone - 5.5 Screen - 64GB - Blush Gold (U.S. Warranty),0,0,2,1,6,4.5,10
B074VFRKZG,Motorola Moto X4 Factory Unlocked Phone - 32GB - 5.2 - Super Black - PA8S0006US,21,9,11,29,106,4.1,184
B074XF6JCD,Motorola Moto Z2 Force XT1789 64GB ATT only (Super Black),5,3,2,2,7,3.5,20
B0751KLN39,Motorola Moto Z2 Play XT1710-06 - 64GB Single SIM Factory Unlocked Smartphone (Dark Gray - International Version),2,1,0,0,8,3.9,11
B07536MYBQ,Samsung Galaxy Note8 N950U 64GB Unlocked GSM LTE Android Phone w/ Dual 12 Megapixel Camera - Midnight Black,93,29,40,55,302,3.9,546
B0753QKW5L,Samsung Galaxy Tab E 8in 16GB 4G LTE AT&T Unlocked Android 5.1.1 Lollipop (Renewed),7,1,2,2,6,2.9,22
B07579T83L,Nokia 105 [2017] TA-1037 Only 2G Dual-Band (850/1900) Factory Unlocked Mobile Phone Black no warranty (White),58,4,9,12,41,3,133
B0757LYR7P,Samsung Galaxy S8 SM-G950UZSAVZW - Verizon - Coral Blue (Renewed) …,0,0,0,0,2,5,2
B075FL4H89,Nokia 3310 3G - Unlocked Single SIM Feature Phone (AT&T/T-Mobile/MetroPCS/Cricket/Mint) - 2.4 Inch Screen - Charcoal,106,53,60,59,164,3.4,497
B075FLG6MV,Nokia 2 - Android - 8GB - Dual SIM Unlocked Smartphone (AT&T/T-Mobile/MetroPCS/Cricket/H2O) - 5 Screen - Black - U.S. Warranty,97,36,42,49,115,3.1,359
B075H3VWGN,Samsung Galaxy S7 G930T 32GB T-Mobile Unlocked - Black,4,5,0,2,23,4.1,41
B075QRTVNC,"Sony Xperia XA1 Plus - Unlocked Smartphone - 5.5, 32GB - Blue (US Warranty)",5,2,3,3,20,3.7,34
B075SKYZXY,Motorola Moto Z2 Force XT1789 64GB Lunar Gray T-Mobile,12,5,5,3,29,3.7,56
B075SPVK8D,Samsung Galaxy Note 8 SM-N950U 64GB Gray Verizon Unlocked -Excellent,5,0,1,5,37,4.4,54
B075Z4NBZC,Samsung Galaxy Note 5 SM-N920T 64GB White - T-Mobile (Certified Refurbished),0,0,0,0,1,5,1
B075ZD2WFN,Samsung Galaxy S8+ G955U 64GB Unlocked GSM U.S. Version Smartphone w/ 12MP Camera - Orchid Gray,7,0,0,0,11,3.6,19
B075ZDV79Y,Samsung Galaxy S8+ G955U 64GB Unlocked GSM U.S. Version Phone w/ 12MP Camera - Arctic Silver,2,2,1,0,1,2.6,6
B075ZGJMQY,Samsung Galaxy Note 8 64GB Unlocked GSM LTE Android Phone w/ Dual 12 Megapixel Camera - Midnight Black,24,1,6,4,47,3.7,104
B075ZHJ1SK,Samsung Galaxy S8+ G955U 64GB T-Mobile GSM Smartphone w/ 12MP Camera - Arctic Silver,0,0,1,0,0,3.8,2
B075ZHWDN2,Samsung Galaxy S8+ G955U 64GB Unlocked GSM U.S. Version Phone w/ 12MP Camera - Midnight Black,1,1,0,0,6,3.3,10
B07643YNY8,"Apple iPhone SE, 32GB, Gold - For AT&T / T-Mobile (Renewed)",11,2,4,9,27,3.8,61
B0764K8Z1H,Samsung Galaxy S8 64GB G950U AT&T Unlocked - Arctic Silver (Renewed),1,0,1,1,2,4.1,8
B0766HPGYP,Google Pixel 2 128GB Unlocked GSM/CDMA 4G LTE Octa-Core Phone w/ 12.2MP Camera - Just Black,32,14,11,15,74,4,153
B0766NJPBN,"Google Pixel 2 GSM/CDMA Google Unlocked (Clearly White, 64GB, US warranty)",32,14,11,15,74,4,153
B0766TPHSH,Google Pixel 2 XL 64GB Unlocked GSM/CDMA 4G LTE Octa-Core Phone w/ 12.2MP Camera - Just Black,22,6,12,13,87,4.1,153
B0767538YH,Google Pixel 2 XL 128GB Unlocked GSM/CDMA 4G LTE Octa-Core Phone w/ 12.2MP Camera - Just Black,16,7,4,8,31,3.7,66
B076BVNGZQ,Nokia 3310 TA-1036 Unlocked GSM 3G Android Phone - Charcoal,1,0,0,0,2,4,7
B076BZ18GS,Nokia 3310 TA-1036 Unlocked GSM 3G (At&T Tmobile Metro PCS Mint Latin Caribbean) - Warm Red,2,1,1,1,7,3.7,15
B076HVSJQR,Samsung Galaxy S8 Orchid Gray 64GB Verizon and GSM Factory Unlocked 4G LTE (Renewed),2,1,2,1,4,3.9,1
B076KC34PM,"Apple iPhone 8 64GB GSM Unlocked Smartphone, RED (Renewed)",3,1,1,1,10,4.1,26
B076M9RQJ2,Samsung Galaxy S8 64GB Phone - 5.8in Unlocked Smartphone - Midnight Black (Renewed),25,0,10,14,68,4.1,167
B076MB4CYN,"Google Pixel 32GB Phone, Very Silver, 5 (Renewed)",6,5,2,2,11,3.5,32
B076QKMQ81,Google GA00139-US Pixel 2 64GB Just Black Verizon Wireless Smartphone,4,0,1,3,12,3.7,23
B076XLLCQC,Samsung Galaxy Note 8 N950 Factory Unlocked Phone 64GB Midnight Black (Renewed),127,33,59,101,446,4,891
B07753NSQZ,"Apple iPhone 8, GSM Unlocked, 256GB - Space Gray (Renewed)",18,1,4,8,45,4,96
B0775451TT,"Apple iPhone X, 256GB, Silver - For AT&T / T-Mobile (Renewed)",80,11,33,32,208,3.9,436
B07755LZ67,Apple iPhone 8 Plus 64GB Unlocked GSM Phone - Space Gray (Renewed),24,7,3,19,77,4,176
B07756QYST,"Apple iPhone 8, 64GB, Silver - Fully Unlocked (Renewed)",9,0,0,0,1,4,1
B0775717ZP,"Apple iPhone 8, 64GB, Gold - Fully Unlocked (Renewed)",9,0,0,0,1,4,1
B077578VXH,"Apple iPhone 8, GSM Unlocked, 64GB - Gold (Renewed)",7,1,2,7,30,4.2,72
B077578W38,"Apple iPhone X, Unlocked 5.8, 64GB - Space Gray (Renewed)",74,15,17,29,219,3.9,442
B0775H5HJW,"Apple iPhone X, GSM Unlocked, 256GB - Silver (Renewed)",25,6,4,18,58,3.8,139
B0776ZJ1C3,Modem Huawei USB 3G H+ GSM Unlocked K4605 (E372) USA Latin & Caribbean Europe Bands 850/900/1900 mhz BAM,2,0,0,0,1,3.3,4
B0777V5BRJ,Samsung Galaxy Note 5 SM-N920T 32GB T-Mobile GSM Unlocked - Sapphire Black,8,1,3,2,10,3.2,24
B077BL94N3,Samsung Galaxy Note 8 N950U 64GB - Sprint (Midnight Black),1,0,1,2,6,4,10
B077J7H62P,"Apple MGLW2LL/A iPad Air 2 9.7-Inch Retina Display, 16GB, Wi-Fi (Silver) (Renewed)",10,8,5,18,65,4.2,124
B077MR13HM,Samsung Galaxy S7 G930T T-Mobile Unlocked GSM - Gold,5,1,2,6,24,4,44
B077NJQPGB,Apple iPhone 7 256GB Unlocked GSM 4G LTE Quad-Core Smartphone - Jet Black (Renewed),2,0,0,2,3,3.6,8
B077NK4TZ7,Apple iPhone 7 256GB Unlocked GSM 4G LTE Quad-Core Smartphone - Rose Gold (Renewed),1,0,1,0,0,2.1,2
B077NTKFDB,Apple iPhone 7 Plus 256GB Unlocked GSM 4G LTE Quad-Core Smartphone - Silver (Renewed),6,0,1,0,7,3.6,17
B077T4MVZ6,Samsung Galaxy G550T On5 GSM Unlocked 4G LTE Android (Does Not Work With Metro PCS) Smartphone - White - (Renewed),17,1,1,5,7,2.5,32
B077V219SV,Samsung Galaxy S7 Active 32GB Camo Green GSM Unlocked,8,2,5,4,11,3.3,31
B077XM1GZM,"Apple iPhone 6S Plus, 64GB, Silver - Fully Unlocked (Renewed)",1,0,0,3,6,3.8,12
B077YTCMH9,"Samsung Galaxy S7 EDGE G935V 32GB, Verizon/GSM Unlocked, (Renewed) (Black)",124,36,46,62,300,3.8,606
B077ZKKDWK,Sony Xperia XA2 Ultra Factory Unlocked Phone - 6 Screen - 32GB - Silver (U.S. Warranty),45,26,21,34,165,3.8,304
B077ZMWX1W,"Sony Xperia L2, Unlocked, 32GB - Black (U.S. Warranty)",2,4,12,32,20,3.8,71
B0786PRKBP,Samsung Galaxy S8 - Unlocked - Midnight Black (Renewed),4,1,0,2,3,4,1
B0787V183F,"Google Pixel 2 64 GB, Black Factory Unlocked (Renewed)",78,29,20,43,160,3.7,363
B0788F8DKC,Samsung DeX Wireless Qi Desktop Charging Dock Station EE-MG950 Galaxy S8 + Note8 (Renewed),4,3,2,5,25,4.2,63
B0788ZD69Z,Samsung Galaxy S8 Plus Unlocked 64GB (Midnight Black) - (Renewed),4,1,0,2,3,4,1
B078BP86SC,"Straight Talk Samsung Galaxy J7 Sky Pro 16GB Prepaid Smartphone, Black (Locked)",7,0,5,3,26,3.9,44
B078HFZVZ8,"Apple iPad 2 MC774LL/A Tablet (32GB, Wifi + AT&T 3G, Black) 2nd Generation (Renewed)",0,3,0,0,2,3.2,5
B078HL31D8,Samsung Galaxy S7 32gb Gold AT&T,3,1,3,2,24,4,37
B078KGP5K5,Google Pixel 2 64GB Unlocked GSM/CDMA 4G LTE Octa-Core Phone w/ 12.2MP Camera - Kinda Blue,1,1,1,0,6,3.7,9
B078RBVVCV,Motorola Moto G5S Plus XT1805 4G LTE Unlocked GSM 32GB 4GB RAm Octa Core Dual 13MP International Version No Warranty,24,1,1,5,23,3.5,56
B078SBFV72,"Apple iPad Air MF003LL/A (32GB, Wi-Fi + AT&T, Black with Space Gray) OLD VERSION (Renewed)",0,0,0,0,6,5,7
B078WZ86Y9,"Apple iPhone 7, 128GB, Red - For AT&T / T-Mobile (Renewed)",16,4,1,7,14,3.3,58
B078YXQ38Z,Samsung Galaxy S8 Active 64GB SM-G892A Unlocked GSM - Meteor Gray (Renewed),38,2,9,23,84,3.9,185
B079142R7Y,ASUS ZenFone Max Plus ZB570TL-MT67-3G32G-BL - 5.7” 1920x1080-3GB RAM - 32GB storage - LTE Unlocked Dual SIM Cell Phone - US Warranty - Silver,31,20,12,25,61,3.5,155
B0791VS3N9,Huawei Mate SE Factory Unlocked 5.93” - 4GB/64GB Octa-core Processor| 16MP + 2MP Dual Camera| GSM Only |Grey (US Warranty),2,0,0,0,8,4.3,2
B07946VKT8,Sony Xperia XA1 Plus G3423 LTE 5.5 32GB Factory Unlocked Smartphone (International Version) (Black),1,1,0,0,5,3.7,9
B0799QJKQ5,Samsung Galaxy S7 Edge 32GB G935A GSM Unlocked - Pink Gold,0,1,0,0,1,3.2,2
B0799ZMY6D,"Google Pixel 2 XL 128 GB, Black (Renewed)",34,13,19,37,150,4.1,292
B079C1K282,"Google Pixel 2 XL 64 GB, Black (Renewed)",37,13,15,25,139,4.1,254
B079C2Q6MH,Huawei Nexus 6p 128GB - Factory Unlocked Phone - Frost (Certified Refurbished),2,0,0,0,1,2.6,3
B079H6RLKQ,Samsung Galaxy S9 G960U 64GB Unlocked GSM 4G LTE Phone w/ 12MP Camera - Midnight Black,7,0,0,1,2,4.1,2
B079HB518K,"Apple iPhone 7, 32GB, Rose Gold - For AT&T / T-Mobile (Renewed)",43,6,9,15,107,3.9,243
B079HG7TZS,"Huawei P Smart (32GB) 5.6 Fullview Display & Dual Camera's, 4G LTE Dual-SIM Factory Unlocked w/ Fingerprint Scanner FIG-L23 International Model, No Warranty (Black)",0,1,3,8,22,4.4,34
B079J59FGT,Google Pixel 2 XL 128GB Unlocked GSM/CDMA 4G LTE Octa-Core Phone w/ 12.2MP Camera - Black & White,4,1,1,1,8,3.3,17
B079J5MKXJ,Google Pixel 2 XL 128GB Unlocked GSM/CDMA 4G LTE Octa-Core Phone w/ 12.2MP Camera - Just Black,3,1,2,1,15,4,24
B079K78C1Y,Google Pixel XL 128GB Silver (Unlocked) - (Renewed),1,4,1,6,17,4.1,33
B079NM9SZL,Nokia 5 - Android 9.0 Pie - 16 GB - Dual SIM Unlocked Smartphone (AT&T/T-Mobile/MetroPCS/Cricket/Mint) - 5.2 Screen - Blue,6,4,2,7,16,3.8,45
B079NQHRPS,"Nokia 5 (16GB, 2GB RAM) 5.2 Polarized HD Display, Android 9.0 Pie, Dual SIM GSM (AT&T/T-Mobile/MetroPCS/Cricket/Mint) Unlocked Smartphone (Silver)",6,2,2,6,11,3.8,31
B079PS2HZM,"Huawei Ascend XT 2 | (16GB, 2GB RAM) | 5.5 IPS Display | Dual Camera | 4000 mAh Battery | Android 7.0 Nougat | 4G LTE | GSM Unlocked | Smartphone - Silver",12,0,4,10,47,3.9,79
B079RJWMZG,"Samsung Galaxy S8+, 6.2 64GB SPRINT Midnight Black",1,0,0,1,1,3.3,3
B079SQ5VHX,"Samsung Galaxy S9 (SM-G960F/DS) 4GB / 64GB 5.8-inches LTE Dual SIM (GSM Only, No CDMA) Factory Unlocked - International Stock No Warranty (Midnight Black, Phone Only)",12,3,6,10,83,4.3,122
B079TZ8NKG,Samsung Galaxy S6 Edge G925T 64GB Gold Platinum - T-Mobile,1,0,0,0,1,2.4,2
B079TZJF9F,Samsung Galaxy S6 Edge G925T 64GB White Pearl - T-Mobile,0,1,0,0,0,2,1
B079TZVTNQ,"Huawei R216 150 Mbps 4G LTE Mobile WiFi Hotspot Router (4G LTE in USA AT&T Europe, Asia, Middle East & Africa Digitel Orange)",0,0,1,0,0,3,1
B079X7DQ4Q,"Samsung Galaxy S9 Single SIM 64GB SM-G9600 Factory Unlocked 4G Smartphone (Midnight Black) -International Version - No Warranty in The USA - GSM ONLY, NO CDMA",19,4,3,3,63,3.9,95
B07B82VTX5,Sony Xperia XZ2 Unlocked Smarphone - Dual SIM - 5.7 Screen - 64GB - Liquid Silver (US Warranty),5,1,2,12,22,3.9,45
B07B9638J2,"Samsung Galaxy S9 Plus (6.2, Dual SIM) 64GB SM-G965F/DS Factory Unlocked LTE Smartphone (Lilac Purple) - International Version",2,1,0,3,16,4.3,25
B07BBQ56WS,Samsung Galaxy S9 Smartphone -Lilac Purple - GSM Only - International Version,2,0,0,1,4,3.5,8
B07BBT3VXM,Samsung Galaxy S9+ Smartphone -Lilac Purple - Carrier Locked - Sprint,2,0,1,1,6,3.8,11
B07BBZJ4G9,Samsung Galaxy S9+ Smartphone - Midnight Black - Carrier Locked - Verizon,2,0,1,1,6,3.8,11
B07BFCZYRM,Samsung Galaxy S9 Plus Verizon + GSM Unlocked 64GB Midnight Black (Renewed),46,12,10,28,208,4.2,355
B07BFHTJTK,"Samsung Galaxy S7 Edge G935v 32GB Smartphone for Verizon Wireless CDMA, Coral Blue (Renewed)",5,2,0,3,13,3.6,27
B07BFPDGNX,Samsung Galaxy Note 8 SM-N950U 64GB AT&T - Orchid Grey,5,0,1,5,37,4.4,54
B07BH74WCW,Samsung B690 convoy 4-verizon wireless (Renewed),6,0,1,1,5,2.7,13
B07BHT4KGM,"Samsung Galaxy S9 Sm-G9600 Dual Sim 5.8 Super Amoled, 64GB, 4 GB RAM, Factory Unlocked - No Warranty Midnight Black",19,4,3,3,63,3.9,95
B07BR995NC,"Samsung Galaxy S8 Active (G892A) AT&T Military-Grade Durable Smartphone w/ 5.8 Shatter-Resistant Glass, Meteor Gray",13,6,6,9,50,3.9,94
B07BZXDZKN,Huawei Y6 2018 ATU-LX3 5.7 FullView Display 16GB 2GB RAM Dual SIM 13 MP + 2 MP 4128 x 3096 Pixels Dual-LED Flash A-GPS Fingerprint Factory Unlocked No Warranty US (Gold),6,1,2,4,9,3.7,27
B07C2VFMN2,Motorola Z3 Play & Moto Power Pack - Unlocked (AT&T/Sprint/T-Mobile/Verizon) - 64GB - Deep Indigo (US Warranty) - PA9S0000US,13,3,3,12,43,4.1,84
B07C4W6KR9,Samsung Galaxy J7 V Verizon Wireless - Silver (Renewed),1,0,0,0,2,3.1,4
B07C5X8Q3K,Sony Xperia XZ2 H8216 Used Like New 64GB 5.7' US & Latin 4G LTE Factory Unlocked Smartphone (Deep Green),0,0,0,0,1,4.5,6
B07C61QBL7,Google Pixel 2 XL - 64GB Smartphone - Verizon - Just Black,0,0,1,1,0,3.5,2
B07C65MFKH,Samsung Galaxy S9+ 64GB Unlocked GSM 4G LTE Phone - Lilac Purple (Renewed),7,0,1,0,2,4.1,1
B07C65XFBB,Samsung Galaxy S9 Unlocked - 64gb - Midnight Black (Renewed),4,1,0,1,4,4,1
B07C6FCC8G,"Huawei Mate 10 Pro Unlocked Phone, 6 6GB/128GB, AI Processor, Dual Leica Camera, Water Resistant IP67, GSM Only - Mocha Brown (US Warranty)",53,20,34,47,426,4.4,602
B07C7KFZLB,Samsung Galaxy Note 5 SM-N920T 64GB Platinum Gold - T-Mobile,0,0,1,0,1,4.1,2
B07C8H8G4L,Router Hotspot 4G LTE Unlocked GSM (LTE USA AT&T T-mobile Metro Pcs Cricket Latin & Caribbean) Huawei E5573s-508 up to 10 wifi users CAT4,12,2,2,4,22,3.5,48
B07CGMQDXW,"Apple iPhone 8 Plus, 64GB, Space Gray - For Verizon (Renewed)",3,1,0,1,5,4.2,1
B07CH2FZW5,Samsung Galaxy J3 (2016) J320V Verizon CDMA 4G LTE Quad-Core Phone w/ 8MP Camera- Black (Renewed),4,1,0,1,7,3.2,18
B07CHW5KMY,"Motorola Moto G6 (32GB, 3GB RAM) Dual SIM 5.7 4G LTE (GSM Only) Factory Unlocked Smartphone International Model XT1925-2 (Deep Indigo)",37,10,12,27,83,3.8,212
B07CHWMYHP,"Motorola Moto G6 Plus - 64GB - 5.9 FHD+, Dual SIM 4G LTE GSM Factory Unlocked Smartphone International Model XT1926-7 (Deep Indigo)",23,6,19,22,101,4.1,185
B07CHWTWYP,Motorola Moto G6 Play 32GB - Dual SIM 5.7 4G LTE (GSM Only) Factory Unlocked Smartphone International Version XT1922-5 (Deep Indigo),20,4,10,15,62,3.8,115
B07CJKNL9R,Samsung Galaxy Note 5 SM-N920T 32GB T-Mobile GSM Unlocked - White Pearl (Renewed),4,0,0,1,2,2.1,10
B07CLT3BDN,ASUS ZenFone 5Z (ZS620KL-S845-6G64G) - 6.2” FHD+ 2160x1080 display - 6GB RAM - 64GB storage - LTE Unlocked Dual SIM Cell Phone - US Warranty - Midnight Blue,8,3,10,11,60,4.3,97
B07CMBB6PH,"HUAWEI P20 Lite (32GB + 4GB RAM) 5.84 FHD+ Display, 4G LTE Dual SIM GSM Factory Unlocked Smartphone ANE-LX3 - International Model - No Warranty (Sakura Pink)",60,14,34,74,346,4.3,558
B07CT4JC7J,Google Pixel 2 XL 64GB Smartphone - Verizon - Just Black (Renewed),1,2,3,3,16,4.2,28
B07CZR8YV4,"Apple iPhone 7 Plus, 128GB, Rose Gold - Fully Unlocked (Renewed)",4,0,0,1,5,3.9,2
B07D42T6MB,Apple iPad Pro 9.7in 256GB Gold WiFi + 4G Cellular ( )(Renewed),4,0,1,1,4,4.4,1
B07D6TQP6F,"Apple iPhone X, 256GB, Silver - For AT&T (Renewed)",80,11,33,32,208,3.9,436
B07D9TTLZG,OnePlus Factory Unlocked Phone - 6.28 Screen - 64GB - Mirror Black,1,0,0,0,0,1,1
B07DCB61LG,"OnePlus 6 A6000 64GB/6GB Mirror Black - Dual Back Cameras, Face & Fingerprint Identification, 6.28, Android 8.1 - International Version - No Warranty in The USA - GSM ONLY, NO CDMA",4,2,2,6,42,4.4,59
B07DD71K4D,Nokia 3.1 - Android 9.0 Pie - 16 GB - Dual SIM Unlocked Smartphone (AT&T/T-Mobile/MetroPCS/Cricket/Mint) - 5.2 Screen - White - U.S. Warranty,11,5,4,8,30,3.5,64
B07DDD8PNQ,Nokia 3.1 - Android 9.0 Pie - 16 GB - Dual SIM Unlocked Smartphone (AT&T/T-Mobile/MetroPCS/Cricket/Mint) - 5.2 Screen - Blue - U.S. Warranty,12,4,9,14,32,3.9,77
B07DF9R73K,Sony Xperia XZ2 Premium Unlocked Smartphone - Dual SIM - 5.8 4K HDR Screen - 64GB - Chrome Black (US Warranty),9,4,3,10,47,4.1,75
B07DP4X68W,Samsung Galaxy S8+ Plus 64GB Sprint (Midnight Black) (Renewed),1,0,0,0,4,4.3,6
B07DXCGD56,Samsung Galaxy A30 Single SIM 32GB (SM-A305G) Unlocked Phone GSM International Version - Blue,0,0,0,0,1,5,1
B07DZMB1ZK,Samsung Galaxy S8+ Plus 64GB T-Mobile GSM Unlocked (Renewed) (Orchid Gray),6,1,5,9,41,4.2,89
B07F2PWRZR,Huawei Y5 2018 DRA-L23 DUAL SIM FullView Display 5.45 4G LTE Quad Core 16GB 8MP Smartphone Factory Unlocked Android GO (International Version- No Warranty) (Gold),8,0,2,2,16,4,52
B07F3YGL26,"Xiaomi Redmi S2 (32GB 3GB RAM) with AI Smart Selfie & Dual Rear Cameras,5.99Display,Dual SIM Unlocked,Global Version,No Warranty (Gold)",0,0,0,0,1,5,1
B07FBQT1S5,"Samsung Galaxy J6 Infinity (64GB, 4GB RAM) 5.6 HD+ Display J600G/DS, 4G LTE Dual SIM GSM Factory Unlocked, International Version, No Warranty (Blue)",3,2,1,5,18,3.8,38
B07FKD3H9Q,"Apple iPad mini 4 (32GB, Wi-Fi + Cellular, Space Gray) (Renewed)",0,0,0,0,7,5,10
B07FKWT3JP,Sony Xperia XA1 Plus G3423 LTE 5.5 32GB Factory Unlocked Smartphone International Model - (Gold),0,0,0,1,0,4,1
B07FM9913M,"Unlocked GOLD Xiaomi Mi A2, 4GB 64GB, Dual SIM standby, Global Version, 5.5 inch Smartphone Android One, Dual Rear 12.0MP Camera Snapdragon 625",42,20,33,49,271,4.2,453
B07FMD7MRX,"Motorola Moto G6 Play 16GB - 5.7 4G LTE Unlocked Smartphone, US Version, XT1922-9 (Deep Indigo)",3,0,0,1,0,2,4
B07FSD86KD,"Nokia 8110 (TA-1059) 512MB/4GB 2.45-inches Factory Unlocked, International Stock (Yellow)",5,5,1,2,7,2.9,22
B07FXRR28W,Samsung Galaxy Note 5 SM-N920T 32GB Platinum Gold - T-Mobile,2,0,0,1,6,3.7,9
B07FXYRG46,Samsung Galaxy Note 5 N920A 64GB - Gold Platinum (AT&T),2,0,0,1,7,4,12
B07FZH9BGV,"Samsung Galaxy Note 9 Factory Unlocked Phone with 6.4 Screen and 128GB (U.S. Warranty), Ocean Blue",139,23,31,76,522,4.1,873
B07G3RDDXT,"Samsung Galaxy Note9 128GB (Single-SIM) SM-N960F (GSM Only, No CDMA) Factory Unlocked 4G/LTE Smartphone - International Version (Ocean Blue)",2,1,1,1,1,3,9
B07G7FG26S,"Apple iPhone 8, AT&T, 64GB - Red (Renewed)",1,0,1,4,5,4,16
B07G7N1MD2,"Motorola e5 Play 16GB Smartphone , Black",8,4,4,9,21,3.8,52
B07G7QZKBG,"Xiaomi Redmi 6-64GB + 4GB RAM, Dual Camera, Dual SIM GSM Factory Unlocked Smartphone - International Global 4G LTE Version - No Warranty (Black)",1,1,0,3,9,4.2,20
B07G8KK4XQ,Samsung Galaxy S7 32GB GSM Unlocked Smartphone for GSM Carriers - Black,1,0,1,1,0,3.2,5
B07G8VPHG3,"Xiaomi Mi A2 Lite (64GB, 4GB RAM) 5.84 18:9 HD Display, Dual Camera, Android One Unlocked Smartphone - International Global LTE Version (Gold)",8,5,8,22,92,4.3,149
B07G9PVX51,Samsung Galaxy J7 Refine - Virgin Mobile - Prepaid Cell Phone - Carrier Locked,12,2,3,5,17,3.4,42
B07GCBWWPL,Samsung Galaxy Note 9 SM-N960F/DS 128GB/6GB 6.4? QHD+ sAMOLED Factory Unlocked GSM (No CDMA) - International Version (No Warranty in The USA) (Ocean Blue) - Ocean Blue,9,1,3,2,49,4.3,80
B07GDW2634,"Samsung Galaxy J8 (2018) J810M 32GB 3GB RAM 6.0 Octa-Core 1.8GHz 4G LTE GSM Single SIM 16.0 MP Factory Unlocked Fingerprint International Version, No Warranty (Black)",0,0,1,0,2,4.4,5
B07GDW4N5C,Samsung - Galaxy Note 9 (AT&T) - (Factory Unlocked) Ocean Blue - 128 GB,3,0,0,0,5,3.8,10
B07GGGTT78,"Motorola Moto G4 Plus XT1642 4G LTE Dual SIM Factory Unlocked No Warranty Octacore (NO CDMA) 5.5 Inches (Black, 32GB)",1,0,1,0,1,3,3
B07GL4WGSF,"Samsung Galaxy Note 9 SM-N9600 Dual SIM (128GB/6GB, Lavender Purple) 6.4 QHD+ sAMOLED Factory Unlocked GSM (No CDMA) - International Version (No Warranty)",7,0,3,3,38,4.1,55
B07GL6W1NR,Samsung Galaxy Note9 N9600 128GB Unlocked GSM Duos Phone w/Dual 12MP Camera - Midnight Black (International Version) (No Warranty),4,0,2,9,22,4.2,39
B07GNHMZ3N,"Samsung Galaxy Note 9 (SM-N960F/DS) 6GB / 128GB (Ocean Blue) 6.4-inches LTE Dual SIM (GSM ONLY, NO CDMA) Factory Unlocked - International Stock No Warranty",9,0,5,4,58,4.4,85
B07GPNGWNK,"Xiaomi Mi 8, 6-64GB, Unlocked, Global Version (Black)",5,0,1,6,42,4.5,60
B07GV9J7X8,Samsung Galaxy Note 9 SM-N960F/DS 512GB/8GB (Midnight Black) 6.4 QHD+ sAMOLED Factory Unlocked GSM (No CDMA) - International Version (No Warranty in The USA),0,1,1,0,7,4.1,10
B07GVLKNB4,"Asus - ZenFone Live with 16GB Memory Cell Phone, 5.5 IPS Touch Screen (Unlocked) - Midnight Black",0,0,0,0,1,5,1
B07GVNHQV4,Motorola Moto Z3 MOTXT192917 GSM/CDMA LTE Unlocked Droid Edition 5G Capable - Ceramic Black,4,0,0,2,5,3.6,12
B07GW1DXFP,Samsung Galaxy Prime 16GB J327 J3 AT&T T-Mobile Unlocked Smartphone - Silver (Renewed),17,1,4,9,37,3.6,108
B07GWFMLT8,Samsung Galaxy Note 9 SM-N960F/DS 512GB/8GB (Metallic Copper) 6.4 QHD+ sAMOLED Factory Unlocked GSM (No CDMA) - International Version (No Warranty in The USA),0,0,2,0,15,4.8,18
B07GWV23X7,Samsung Galaxy Note 5 N920A 64GB at&T GSM Unlocked - Gold Platinum,1,0,2,0,5,3.8,10
B07GX1DBD9,ASUS ZenFone V Smartphone - Verizon Exclusive Model - 32GB - Saphire Black (Renewed),1,0,2,1,0,2.8,4
B07GY16KMK,Samsung Galaxy S8 G950U 64GB - Prepaid Boost Mobile (Orchid Gray),1,1,0,1,2,3.2,5
B07GYK8MBD,Samsung Galaxy J3 (2018) J337A 16GB Unlocked GSM 4G LTE Phone w/ 8MP Camera - Black,4,1,0,3,7,3.4,18
B07H41NB46,"Xiaomi Pocophone F1 128GB Graphite Black, Dual Sim, 6GB RAM, Dual Camera, 6.18, GSM Unlocked Global Model, No Warranty",21,5,10,31,150,4.3,237
B07H445L82,Samsung SM-J737VZKAVZW Galaxy J7 V 16GB (2018) 2nd Edition for Verizon (Renewed),3,1,2,2,6,3.6,15
B07H6V8TB9,"Sony Xperia XZ3 Unlocked Smartphone, 64GB - 6.0 OLED Screen -Forest Green (US Warranty) [Phone ONLY Version]",7,4,3,9,54,4.1,83
B07H7SBBWQ,"Xiaomi Redmi 6 - 64GB + 4GB RAM, Dual Camera, Dual SIM GSM Factory Unlocked Smartphone - International Global 4G LTE Version - No Warranty (Black)",5,1,7,14,25,4.1,57
B07H8Q3C9T,"Samsung Galaxy J2 Core 2018 International Version, No Warranty Factory Unlocked 4G LTE (USA Latin Caribbean) Android Oreo SM-J260M Dual Sim 8MP 8GB (Black)",38,4,9,24,128,4.1,300
B07H8QMZWV,Samsung Galaxy Note9 Factory Unlocked Phone with 6.4in Screen and 128GB - Ocean Blue (Renewed),7,1,1,0,1,4.1,1
B07H8SBLBC,Motorola Moto E5 Play XT1920-19 Factory Unlocked 16GB Dual SIM 1GB RAM 4G LTE 5.3 LCD Display 8MP International Version (Black),18,7,13,15,46,3.8,117
B07HC3CSMR,Samsung Galaxy S8 64 GB Unlocked Phone with FREE Cellairis Phone Case & Screen Protector,0,1,0,1,0,3.2,2
B07HC74RMG,Samsung Galaxy S9 Enterprise Edition 64 GB Unlocked Phone With FREE Cellairis Phone Case & Screen Protector,1,0,0,0,0,1,1
B07HCQ8VDQ,"Samsung Galaxy Note 5 N920A, Black 32GB - at&T GSM Unlocked",12,3,4,6,19,3.3,50
B07HD3QC65,Nokia 7.1 - Android 9.0 Pie - 64 GB - Dual Camera - Dual SIM Unlocked Smartphone (Verizon/AT&T/T-Mobile/MetroPCS/Cricket/H2O) - 5.84 FHD+ HDR Screen - Steel - U.S. Warranty,131,40,44,68,170,3.3,484
B07HFHX6HX,Samsung Galaxy Note 8 N950U 64GB Unlocked GSM 4G LTE Android Smartphone w/Dual 12 MegaPixel Camera (Renewed) (Midnight Black),54,19,27,60,289,4.2,551
B07HFKWDK7,Motorola Moto G5S Plus Unlocked GSM Android Smartphone (Blush Gold),13,5,5,9,19,3.2,52
B07HHRF89L,Nokia 5 - Android 9.0 PIE - 16 GB - Single Sim Unlocked Smartphone (AT&T/T-Mobile/Metropcs/Cricket/Mint) - 5.2 Screen - Blue,2,1,3,2,6,3.7,20
B07HK4JNV1,Xiaomi Redmi Note 6 Pro 64GB / 4GB RAM 6.26 Dual Camera LTE Factory Unlocked Smartphone Global Version (Black),38,16,17,65,279,4.3,441
B07HKPMFZ5,Google Pixel 3 XL 64GB Unlocked GSM & CDMA 4G LTE Android Phone w/ 12.2MP Rear & Dual 8MP Front Camera - Just Black (Renewed),31,8,14,22,98,4,212
B07HKQ61NV,Apple iPhone 8 a1905 64GB LTE GSM Unlocked (Renewed),4,2,0,1,11,3.7,29
B07HKQJ6H1,Google Pixel Phone 3-64GB Clearly White (Renewed),12,7,10,11,47,3.9,99
B07HMC84L1,Motorola Moto E5 Cruise Unlocked 4G LTE (Cricket) Single Sim 16GB 2GB Ram 8MP XT1921-2 Android 8.0 Desbloqueado,0,0,0,0,1,5,1
B07HQTWQVT,"Sony H3123 - Black/SBH-90C/SCSH10 Xperia XA2 Accessory Bundle, (Bundle Includes: 1 Xperia XA2, 1 SBH90C Bluetooth Headset, 1 Flip Phone Case), Black",32,21,9,31,106,3.9,209
B07HXHPNKH,Motorola Moto E5 Play Smartphone 16GB Verizon Wireless Prepaid - Carrier Locked to Verizon Prepaid,3,1,1,3,8,4,28
B07J2Q68N4,Samsung Galaxy S9 G960U Verizon + GSM Unlocked 64GB (Midnight Black),4,2,1,1,13,3.6,29
B07J4YLV46,Motorola Moto Z3 MOTXT192917 Verizon Locked Edition 5G Capable - Ceramic Black (Renewed),7,0,2,0,7,3.5,22
B07J4Z9647,Huawei Mate 20 Lite SNE-LX3 64GB (Factory Unlocked) 6.3 FHD (International Version) (Black),26,12,16,54,266,4.4,422
B07J5GH52Q,Samsung Qi Certified Fast Charge Wireless Charging Pad for Qi Compatible Smartphones with Built-in Cool Fan - Retail Packaging - Black,1,2,1,0,11,4,20
B07J5VTRX6,Samsung Galaxy S9 SM-G960U 64GB for T-Mobile (Renewed),8,0,0,3,14,3.6,32
B07J62YCWB,"Motorola Z2 Force (Super Black, ATT GSM Unlocked)",1,0,0,2,4,3.9,7
B07JB4W3L6,"Huawei Mate 20 HMA-L29 Dual-SIM 128GB (4GB RAM, 6.53 inch, Android) (GSM Only, No CDMA) Factory Unlocked 4G/LTE Smartphone (Black) - International Version",0,0,0,1,0,4,1
B07JHXX5YR,ROG Phone Gaming Smartphone ZS600KL-S845-8G512G - 6” FHD+ 2160x1080 90Hz Display - Qualcomm Snapdragon 845 - 8GB RAM - 512GB Storage - LTE Unlocked Dual SIM Gaming Phone - US Warranty,20,15,6,16,62,3.9,126
B07JLF13KV,"Samsung Galaxy S9 SM-G9600 Dual Sim 5.8, Super AMOLED, 64GB,4 GB RAM Factory Unlocked No Warranty - Sunrise Gold",0,0,0,0,1,3.9,2
B07JML1XPT,Samsung Galaxy Note 8 N950U 64GB - T-Mobile (Orchid Gray),1,0,2,2,6,4.1,14
B07JMPGNHK,"Xiaomi Mi 8 Lite (64GB, 4GB RAM) 6.26 Full Screen Display, Snapdragon 660, Dual AI Camera's, Factory Unlocked Phone - International Global 4G LTE Version (Black)",11,2,9,31,159,4.5,242
B07JNKYBZ4,Huawei Y9 2019 JKM-LX3 6.5 HiSilicon Kirin 710 64GB 3GB RAM Dual SIM A-GPS Fingerprint -Glonass No Warranty US (Blue),5,1,3,9,55,4.5,85
B07JQXJ3JK,Samsung Galaxy S9 - GSM Unlocked - 64GB (Renewed) (Midnight Black),0,0,0,0,2,5,2
B07JVDQP47,Google Pixel 3 Verizon 64GB Black,10,9,6,7,24,3.8,63
B07JYRK4HX,Samsung Galaxy Note 5 N920A 32GB GSM Unlocked - White,4,2,2,1,5,3.2,16
B07JZRFHTP,Samsung Galaxy S8+ Certified Pre-Owned Factory Unlocked Phone - 6.2Inch Screen - 64GB - Midnight Black (U.S. Warranty) (Renewed),2,0,0,0,6,4.2,11
B07JZRL7N5,Samsung Galaxy S8 Certified Pre-Owned Factory Unlocked Phone - 5.8Inch Screen - 64GB - Midnight Black (U.S. Warranty)(Renewed),7,2,5,8,36,3.9,84
B07K1M36CM,"Huawei Mate 20 Pro LYA-L29 128GB + 6GB - Factory Unlocked International Version - GSM ONLY, NO CDMA - No Warranty in The USA (Black)",7,3,3,15,96,4.6,153
B07K2FZYKV,"Samsung Galaxy J7 2018 (16GB) J737A - 5.5 HD Display, Android 8.0, Octa-core 4G LTE at&T Unlocked Smartphone (Black)",4,0,3,10,27,4,54
B07K3X5JTP,Google - Pixel 3 XL with 64GB Memory Cell Phone (Unlocked) - Just Black,10,1,4,13,57,4.5,118
B07K4TRTDV,Samsung Galaxy S8 Active 64GB SM-G892U Sprint CDMA/GSM Unlocked - Meteor Gray (Renewed),4,1,2,0,6,3.3,15
B07K4V3364,"Samsung Galaxy S6 G920 32GB Unlocked GSM 4G LTE Octa-Core Smartphone, Gold Platinum",29,11,8,27,106,3.4,184
B07K64PTLP,"Xiaomi Mi 8 Pro (128GB, 8GB RAM) with In-Screen Fingerprint Reader, Dual Camera's, 6.21 AMOLED Display, Factory Unlocked - Global Version No Warranty (Transparent Titanium)",2,1,3,4,15,4,26
B07K76LBLZ,OnePlus 6T A6013 128GB Storage + 8GB Memory Factory Unlocked 6.41 inch AMOLED Display Android 9 - Mirror Black US Version,14,2,3,12,50,4.2,86
B07KB6S8YP,Samsung Galaxy Note 9 N960U 128GB T-Mobile GSM Unlocked - Lavender Purple (Renewed),4,1,4,5,26,4.2,57
B07KCQHWTN,Samsung Galaxy Note 9 N960U 128GB T-Mobile GSM Unlocked - Ocean Blue,1,0,0,1,5,4.5,9
B07KFNRQ5S,"Apple iPhone Xs Max, 256GB, Space Gray - Fully Unlocked (Renewed)",39,6,6,11,100,4.1,230
B07KJHCQCV,"Google Pixel 2 64GB, Google Unlocked Smartphone, Kinda Blue (Renewed)",2,1,0,1,2,3.1,6
B07KJM21TB,Samsung Galaxy J7 J727A 16GB AT&T Branded GSM Unlocked (Black) (Renewed),9,1,1,3,12,3.6,38
B07KKL5KGG,"Apple iPhone XS, 256GB, Gold - Fully Unlocked (Renewed)",27,4,9,15,76,3.9,198
B07KQFRLDV,Samsung Galaxy Note 9 128GB Smartphone for AT&T - Midnight Black (Renewed),4,0,0,1,8,3.7,14
B07KSFL2K5,Samsung Electronics 32GB A6 Factory Unlocked Phone - 5.6 - Black (U.S. Warranty),1,1,2,0,14,4.3,21
B07KX1L519,"Samsung Galaxy A50 A505G 64GB Duos GSM Unlocked Phone w/Triple 25MP Camera - (International Version, no Warranty) - White",7,4,5,19,55,4.1,125
B07L543G3M,"Samsung Galaxy J3 2018 (16GB) J337A - 5.0 HD Display, Android 8.0, 4G LTE AT&T Unlocked GSM Smartphone (Black)",19,0,11,13,66,4.1,137
B07L5T18L5,Samsung Galaxy S9+ T-Mobile - 64gb - Midnight Black - (Renewed),0,0,2,0,1,3.8,3
B07L6RCH5W,"Google Pixel 3, Verizon, 64 GB - Clearly White (Renewed)",1,1,0,0,0,1.4,2
B07L78G3D2,Nokia 3 - Android 9.0 Pie - 16 GB - Unlocked Smartphone (AT&T/T-Mobile/Metropcs/Cricket/Mint) - 5.0 HD Screen - Copper,3,2,0,1,2,2.7,12
B07L8FP7RH,"Samsung Gusto 3, Royal Navy Blue (Verizon Wireless Prepaid) (Renewed)",1,0,0,0,1,3.2,3
B07LBPP4J9,Nokia 6.1 - Android 9.0 PIE - 32GB microSD - Single Sim Unlocked Smartphone (AT&T/T-Mobile/Metropcs/Cricket/Mint) - 5.Screen - Black,9,1,5,7,12,3.4,40
B07LDS3WDR,Samsung Galaxy Note 9 Verizon Ocean Blue 128GB,0,0,0,2,4,4.7,6
B07M94R4GF,Samsung Galaxy J3 (2018) J377A 16GB Unlocked GSM 4G LTE Phone w/ 8MP Camera - Black (Renewed),8,2,0,4,11,3.6,34
B07MF3JM4T,Motorola Moto One - Android One - 64 GB - 13+2 MP Dual Rear Camera - Dual SIM Unlocked Smartphone (at&T/T-Mobile/MetroPCS/Cricket/H2O) - 5.9 HD+ Display - XT1941-3 - (International Version) (Black),25,10,9,19,95,4.1,199
B07MF3Y8Y5,Motorola G6 (XT1925) 32GB GSM Unlocked Android Smartphone (AT&T/T-Mobile/Mint) - Black (Renewed),6,2,4,14,33,4.1,73
B07MGKGHGP,"Samsung Galaxy J3 2018 (16GB) J337A - 5.0in HD Display, Android 8.0, 4G LTE AT&T Unlocked GSM Smartphone (Blue/Silver) (Renewed)",5,3,3,7,22,3.8,54
B07MN8QTK1,"Motorola Moto G7 Play XT1952 32GB+2GB RAM 5.7 Max Vision LTE Factory Unlocked (International Model, No Warranty) Deep Indigo",6,5,3,11,35,4.2,67
B07MNZWW37,"Huawei Mate 20 Pro LYA-L29 128GB + 6GB - Factory Unlocked International Version - GSM ONLY, NO CDMA - No Warranty in The USA (Twilight) (Renewed)",0,0,0,1,0,4.5,2
B07MY7XPNZ,AT&T Moto E5 Play with 16GB Memory Prepaid Cell Phone - Black - Carrier Locked to AT&T,1,1,1,2,7,4.1,15
B07MZ2TRTC,Sony Xperia 10 Plus GSM Unlocked Smartphone - Black,21,6,10,15,34,3.5,94
B07N11SM58,Nokia 9 PureView - Android 9.0 Pie - 128 GB - Single Sim Unlocked Smartphone (at&T/T-Mobile/Metropcs/Cricket/H2O) - 5.99 QHD+ Screen - Qi Wireless Charging - Midnight Blue - U.S. Warranty,11,2,3,13,28,3.8,61
B07N4M412B,Samsung Galaxy S10 Factory Unlocked Phone with 128GB - Prism Black,40,18,19,29,140,4.2,346
B07N6MRRKH,Nokia 3310 3G TA-1036 - Factory Unlocked Feature Phone (Compatible with at&T/T-Mobile/MetroPCS/Cricket/H2O) - 2.4 Screen (Azure),1,0,1,1,4,3.9,7
B07N6N7JP3,"Xiaomi MI Mix 3 (128GB, 6GB) 6.39 Display, Dual SIM 4G LTE GSM Unlocked Multi-Functional Magnetic Slider Smartphone w/Wireless Charging Pad (Black)",6,0,6,10,43,4.3,79
B07N7SC1HK,Motorola Moto X 4th Generation 64GB Factory Unlocked (Black),0,0,0,0,1,5,1
B07N91S9MW,"Moto G7 – Unlocked – 64 GB – Ceramic Black (US Warranty) - Verizon, AT&T, T-Mobile, Sprint, Boost, Cricket, & Metro",41,27,25,34,171,4.1,361
B07N9LN3RC,Motorola G7 Play 32GB GSM Nano-SIM Phone w/ 13MP Camera - Deep Indigo,3,1,1,0,4,3.1,10
B07N9M9FX4,"Moto G7 – Unlocked – 64 GB – Ceramic Black (US Warranty) - Verizon, AT&T, T-Mobile, Sprint, Boost, Cricket, Metro",6,3,2,9,35,4.1,66
B07NC3N3Z8,"Samsung Galaxy S10 128GB / 8GB RAM SM-G973F Hybrid/Dual-SIM (GSM Only, No CDMA) Factory Unlocked 4G/LTE Smartphone - International Version (Prism Blue)",0,1,1,0,9,4.3,16
B07ND4ZN2X,Google Pixel 3 128GB Unlocked - White (Renewed),0,0,0,2,1,4.6,5
B07NGDHMKL,HUAWEI P Smart 2019 Pot-LX3 32GB Unlocked GSM 4G LTE Dual Camera (13MP+2MP) Phone - Coral Red …,1,0,2,1,7,4.2,21
B07NLHLC88,Google Pixel 3-64GB - Verizon Unlocked - Just Black (Renewed),1,0,0,2,3,3.8,6
B07NLMCDN4,Samsung Galaxy Note9 Smartphone 6.4in AT&T Android 512GB (Ocean Blue)(Renewed),1,0,0,0,0,1,1
B07NP2Y82Q,"Motorola Moto G7+ Plus (64GB, 4GB RAM) Dual SIM 6.2 4G LTE (GSM Only) Factory Unlocked Smartphone International Model, No Warranty XT1965-2 (Deep Indigo)",13,6,6,15,68,4.1,125
B07NP6R2RG,"Motorola Moto G7 (64GB, 4GB RAM) Dual SIM 6.2 4G LTE (GSM Only) Factory Unlocked Smartphone International Model XT1962-4 No Warranty (Clear White)",13,5,7,15,58,4,108
B07NPRQYP1,Moto G7 Power - Unlocked - 64 GB - Marine Blue (No Warranty) - International Model (GSM Only),61,23,30,54,228,4,455
B07NQNK5F4,Samsung Galaxy S9+ G965U 64GB Lilac Purple - Sprint(Renewed),2,0,0,0,5,3.8,9
B07NQR37VR,Samsung Galaxy J3 Emerge J327P SILVER Android Cell Phone - SPRINT (Renewed),1,0,0,0,0,1,1
B07NRCRFVJ,Samsung Galaxy Note8 Certified Pre-Owned Factory Unlocked Phone - 64GB - Black (1 Year Samsung U.S. Warranty) (Renewed),0,0,0,0,1,5,1
B07NVWSTHP,Motorola Moto Z3 Play 32GB XT1929-3 Deep Indigo - Sprint (Renewed),0,0,0,0,2,5,2
B07NWKP41X,"Samsung Galaxy S10+ Plus 512GB / 8GB RAM SM-G975F/DS Hybrid/Dual-SIM (GSM Only, No CDMA) Factory Unlocked 4G/LTE Smartphone - International Version No Warranty (Ceramic White)",1,2,2,3,25,4.4,40
B07NWM7V9M,"Samsung Galaxy S10e 128GB SM-G970F/DS Hybrid/Dual-SIM (GSM Only, No CDMA) Factory Unlocked 4G/LTE Smartphone - International Version No Warranty (Prism Black)",1,0,1,0,4,4,8
B07NY3D1NM,Samsung Galaxy S10e Verizon + GSM Unlocked 128GB Prism Blue,0,0,0,0,1,5,1
B07NYBD9DW,Moto X4 Android One Edition - 64GB - Black - Unlocked,4,4,1,7,25,4.2,45
B07NYBSX9V,"Samsung Galaxy Cellphone - S10 AT&T Factory Unlock (Black, 128GB)",1,0,1,1,5,3.9,10
B07NZVM3RN,Samsung Galaxy S10e 128GB+6GB RAM SM-G970 Dual Sim 5.8 LTE Factory Unlocked Smartphone (International Model) (Prism Black),12,5,8,21,125,4.5,213
B07NZX5BKH,"Samsung Galaxy S10+ Plus 128GB+8GB RAM SM-G975F/DS Dual Sim 6.4 LTE Factory Unlocked Smartphone International Model, No Warranty (Prism Black)",16,6,8,15,115,4.3,193
B07NZXXZB2,Samsung Galaxy S10 128GB+8GB RAM SM-G973F/DS Dual Sim 6.1 LTE Factory Unlocked Smartphone (International Model No Warranty) (Prism White),24,7,13,25,187,4.4,300
B07P2H2GZ8,"Samsung Galaxy Cellphone - S10+ Plus AT&T Factory Unlock (White, 128GB)",1,0,0,0,7,4.5,12
B07P6RLBT7,Samsung Galaxy S10+ Plus Verizon + GSM Unlocked 512GB Ceramic Black,0,0,0,0,1,5,1
B07P6Y8L3F,"Apple iPhone XR, 64GB, Red - Fully Unlocked (Renewed)",2,0,0,2,6,4.4,1
B07P8MQHSH,Google - Pixel 3 with 64GB Memory Cell Phone (Unlocked) - Just Black,23,7,7,15,39,4,157
B07PB3WV54,"Samsung Galaxy S10e Factory Unlocked Phone with 128GB, Prism White (Renewed)",26,3,7,14,80,4,189
B07PB5BXMZ,Samsung Galaxy S10+ Plus Verizon + GSM Unlocked 128GB Blue,0,0,0,0,2,5,3
B07PB77Z4J,"Samsung Galaxy S10e Factory Unlocked Phone with 128GB (U.S. Warranty), Prism Blue (Renewed)",26,3,7,14,80,4,189
B07PHFW8LV,"Samsung Galaxy S10 SM-G9730 - International Version - No Warranty in The USA - GSM ONLY, NO CDMA (Prism Black, 128GB/8GB) - Prism Black,128GB/8GB",0,1,0,1,7,4.4,9
B07PHQ7FBP,"Sony Xperia 1 Unlocked Smartphone 6.5 4K HDR OLED CinemaWide Display, 128GB - Black - (US Warranty)",3,2,6,8,40,4.5,70
B07PKVLDHP,Huawei Y6 2019 MRD-LX3 6.09 Dewdrop Display 32GB 2GB RAM Dual SIM 13MP+ 8MP A-GPS Fingerprint Factory Unlocked No Warranty US (Blue),2,1,1,2,9,4,24
B07PQSYGKB,OnePlus 6T A6013 128GB Mirror Black - T-Mobile (Renewed),7,1,2,5,26,4.3,52
B07PR1Z2BF,"Moto Z3 Play - Unlocked - 32 GB - Deep Indigo (US Warranty) - Verizon, AT&T, T-Mobile, Sprint",9,1,0,3,9,3.7,33
B07PRSPD3Q,Nokia Mobile Nokia 5.1 Plus - Android 9.0 Pie - 32 GB - Dual Camera - Dual Sim Unlocked Smartphone (AT&T/T-Mobile/Metropcs/Cricket/Mint) - 5.86 19: 9 HD+ Screen - Black,3,0,0,4,6,3.3,16
B07PSHDTFN,"Samsung A2 Core (SM-A260G/DS) Dual Sim 16GB Factory Unlocked International Version, No Warranty - Blue",1,0,1,0,2,3.6,6
B07PV7LN4X,Samsung Galaxy A30 Dual SIM 32GB (SM-A305G/DS) Unlocked Phone GSM International Version - Blue,28,12,16,45,166,4.2,352
B07PW9XW1G,"Huawei E8372h-608 Unlocked 150 Mbps 4G LTE Modem + WiFi USB Wingle (4G LTE in USA (AT&T), (2G Tmobile Metro PCS) Digitel Europe, Asia, Middle East and Africa) (Unit + 2 Antennas)",0,0,0,0,1,3.4,3
B07PXV5GXJ,"Xiaomi Redmi 7 32Gb+3GB RAM 6.26 HD+ LTE Factory Unlocked GMS Smartphone (International Version, No Warranty) - Blue",2,1,1,7,35,4.4,67
B07PY52GVP,"Xiaomi Redmi Note 7, 64GB/4GB RAM, 6.30' FHD+, Snapdragon 660, Black - Unlocked Global Version",35,21,25,78,333,4.4,630
B07PZZLR4D,"Motorola Moto G7 (64GB, 4GB RAM) Dual SIM 6.2 4G LTE (GSM Only) Factory Unlocked Smartphone International Model XT1962-6 International Version No Warranty",1,0,1,3,9,4,16
B07Q26V49K,"Xiaomi Redmi Note 7, 64GB/4GB RAM, 6.30' FHD+, Snapdragon 660, Blue - Unlocked Global Version, No Warranty",25,9,21,49,287,4.5,471
B07Q2WPMNB,HUAWEI P30 Pro Factory Unlocked International Version 128GB Black,3,1,1,3,21,4.2,38
B07Q2X19LG,Huawei P30 128GB+6GB RAM (ELE-L29) 6.1 LTE Factory Unlocked GSM Smartphone (International Version) (Black),3,3,1,13,81,4.5,115
B07Q3T41M4,"Xiaomi Redmi Note 7 (64GB, 4GB) 6.3 Display, 48MP + 5MP AI Dual Rear Camera, Global 4G LTE Dual SIM GSM Factory Unlocked (International Model w/ 64GB MicroSD Bundle) (Black)",1,0,1,1,17,4.5,29
B07Q6VQ147,"Apple iPhone 7, 128GB, Rose Gold - Fully Unlocked (Renewed)",7,0,0,0,3,3.6,4
B07Q6ZNJNT,Samsung Galaxy A10 A105M 32GB Duos GSM Unlocked Phone w/ 13MP Camera - Blue,30,8,19,32,181,4.2,411
B07Q6ZZ4S1,"Xiaomi Redmi Note 7 128GB + 4GB RAM 6.3 FHD+ LTE Factory Unlocked 48MP GSM Smartphone (Global Version, No Warranty) (Neptune Blue)",21,6,15,30,150,4.3,272
B07Q84DPZH,Samsung Galaxy A10 32GB (A105M) 6.2 HD+ Infinity-V 4G LTE Factory Unlocked GSM Smartphone - Black,87,21,32,84,374,4.1,874
B07Q88NYCW,"Xiaomi Redmi Note 7 (32GB, 3GB) 6.3 Display, 48MP + 5MP AI Dual Rear Camera, Global 4G LTE Dual SIM GSM Factory Unlocked - International Model (Neptune Blue)",2,1,0,4,24,4.4,40
B07Q8BY2Q8,Samsung Galaxy A6 SM-A600P 32GB Black (Boost Mobile)(Renewed),1,0,0,1,0,3.3,4
B07QB8QYYZ,"Xiaomi Mi 9 SE Unlocked 6GB/64GB Dual Sim 4G LTE Phone (International Global Version, No Warranty) (Ocean Blue)",6,2,2,4,46,4.4,71
B07QB9HMLF,Samsung Galaxy Note 9 N960U 128GB T-Mobile GSM Unlocked Phone (Midnight Black) (Renewed),1,0,0,1,3,4.3,10
B07QBJZ34C,"Motorola Moto G6 Play 16GB - 5.7 4G LTE Unlocked Smartphone, US Version, XT1922-9 (Deep Indigo) (Renewed)",6,0,1,1,4,2.9,13
B07QC4R451,"Samsung Galaxy A10 SM-A105FDS 32GB, Dual Sim, 6.2 HD + Infinity-V Display, 2GB RAM, GSM Unlocked International Model, No Warranty (Black)",6,4,4,3,21,4,65
B07QCCW5KB,"Xiaomi Redmi 7 32Gb+3GB RAM 6.26 HD+ LTE Factory Unlocked GMS Smartphone (Global Version, No Warranty) (Eclipse Black)",9,1,4,13,77,4.4,146
B07QCQ9JRH,Samsung Galaxy M10 M105M 16GB Unlocked GSM Phone w/Dual 13 MP & 5 MP Camera - Ocean Blue,4,0,0,4,18,4.1,32
B07QCXPP71,Xiaomi Redmi 7 64GB + 3GB RAM 6.26 HD+ LTE Factory Unlocked GSM Smartphone (Global Version) (Comet Blue),1,0,0,3,23,4.5,35
B07QD67Z1Y,Samsung Galaxy A50 A505F 128GB Dual SIM Unlocked GSM Phone w/ Triple (25MP+8MP+5MP) Camera - Black,5,1,1,1,12,3.7,28
B07QFS3L4G,Samsung Galaxy M20 M205M 32GB Unlocked GSM Phone w/Dual 13 MP & 5 MP Camera - Charcoal Black,4,1,2,1,16,4.1,29
B07QGG4654,"Samsung Galaxy Note 9 N960U 128GB T-Mobile GSM Unlocked Phone (Ocean Blue, 128GB)(Renewed)",5,1,5,7,38,4.3,80
B07QJ7S66P,"Huawei Mate 20 Pro (128GB, 6GB RAM) 6.39 Display, Leica Triple Camera, in-Screen Fingerprint, Global 4G LTE Dual SIM GSM Factory Unlocked LYA-L29 - International Model (Twilight)",1,1,0,0,5,4.3,12
B07QK32C8M,"Xiaomi Redmi Note 7 128GB + 4GB RAM 6.3 FHD+ LTE Factory Unlocked 48MP GSM Smartphone (Global Version, No Warranty) (Space Black)",21,8,14,21,123,4.1,229
B07QKPPM6X,Samsung Galaxy J2 Core 2018 Factory Unlocked 4G LTE (USA Latin Caribbean) Android Oreo SM-J260M Dual Sim 8MP 16GB (Lavender),1,0,0,0,3,4,8
B07QP7WZ1T,Motorola Moto G7 Power 32GB+4GB RAM XT1955-2 LTE Factory Unlocked GSM 5000mAh Battery Smartphone (International Version) (Marine Blue),5,3,4,11,51,4.3,84
B07QP9CSFT,Motorola One XT1941-3 32B Unlocked GSM Dual-SIM Phone w/Dual 13+2 Megapixel Camera - Black,1,1,4,5,7,3.7,22
B07QP9R469,"Samsung Galaxy A70 SM-A705F/DS Dual-SIM (128GB ROM, 6GB RAM, 6.7-Inch, GSM Only, No CDMA) Factory Unlocked 4G/LTE Smartphone - International Version (Black)",7,2,3,4,12,3.7,39
B07QP9ZMQH,"Samsung Galaxy A40 SM-A405F/DS Dual-SIM (64GB ROM, 4GB RAM, 5.9-Inch, GSM Only, No CDMA) Factory Unlocked 4G/LTE Smartphone - International Version (Black)",0,0,1,1,2,4.2,4
B07QPTGJP5,"Samsung Galaxy A50 (A505) 128GB, Dual-SIM, 6.4 Infinity-U Display, Triple Camera, GSM Unlocked Smartphone - International Model (White)",9,1,4,9,8,3.5,42
B07QQYHSR5,Samsung Galaxy A50 A505G 64GB Duos GSM Unlocked Phone w/Triple 25MP Camera - Blue,61,20,25,89,302,4.2,706
B07QTLB1D9,Nokia 4.2 - Android One (Pie) - 32 GB - 13+2 MP Dual Camera - Dual SIM Unlocked Smartphone (AT&T/T-Mobile/MetroPCS/Cricket/H2O) - 5.71 HD+ Screen - Black - U.S. Warranty,2,3,3,6,7,3.3,24
B07QWNFKFF,"Motorola Moto X Force XT1580 64GB Black, 5.4, Unlocked GSM Smartphone, International Stock, No Warranty",2,1,1,1,2,3,7
B07QY39QBP,"Huawei P30 Lite (128GB, 4GB RAM) 6.15 Display, AI Triple Camera, 32MP Selfie, Dual SIM Global 4G LTE GSM Factory Unlocked MAR-LX3A - International Version (Midnight Black) (Renewed)",0,0,0,0,1,4.6,3
B07QZH7KB9,Huawei Y7 2019 DUB-LX3 32GB Unlocked GSM Phone w/ Dual 13MP + 2MP Camera - Midnight Black (Renewed),0,0,0,0,2,5,2
B07R4PP7FF,Xiaomi Mi 9 64GB + 6GB RAM - 48MP Ultra High Resolution Camera LTE Factory Unlocked GSM Smartphone (Global Version) (Piano Black),2,3,3,6,50,4.5,84
B07R57VRJ7,Samsung Galaxy A70 (SM-A7050) 6GB / 128GB 6.7-inches Dual SIM Factory Unlocked - No Warranty (Blue),0,0,0,0,1,5,1
B07R5ZYR77,"Xiaomi Mi 9 128GB + 6GB RAM - 48MP Ultra High Resolution Camera LTE Factory Unlocked GSM Smartphone (Global Version, No Warranty) (Piano Black)",0,2,1,4,37,4.7,56
B07R7DY911,Google - Pixel 3a with 64GB Memory Cell Phone (Unlocked) - Just Black - G020G,2,0,1,0,7,4.3,1
B07RB78W37,"Moto Z4 – Unlocked – 128 GB – Flash Gray (US Warranty) - Verizon, AT&T, T-Mobile, Sprint, Boost, Cricket, Metro - PAF60007US",8,7,5,7,24,3.7,60
B07RCXCPV5,"OnePlus 7 Pro Dual Sim Factory Unlocked GM1917 8GB+256GB Mirror Gray (ATT, Verizon, Tmobile) - US Warranty",5,0,2,6,30,4.4,49
B07RDMLR4V,"Apple iPhone XS Max, 256GB, Gray - For AT&T (Renewed)",39,6,6,11,100,4.1,230
B07RFCVTK1,Motorola one 4G LTE Cat 6 (XT1941-4) 4GB / 64GB 5.9-inches Dual SIM Factory Unlocked - International Stock No Warranty (White),0,0,0,1,0,4,1
B07RG85WY6,"Moto E6 - Unlocked Smartphone - Global Version - 16GB - Starry Black (US Warranty) - Verizon, AT&T, T-Mobile, Sprint, Boost, Cricket, & Metro",4,3,0,1,6,2.9,14
B07RJ16QXJ,Motorola One - 64GB - Black/White - Unlocked (Black),2,0,0,0,2,2.9,4
B07RJZH9N2,"Samsung Galaxy A50 (64GB, 4GB RAM) 6.4 Display, 25MP, Triple Camera, Global 4G LTE GSM Factory Unlocked A505G (International Model w/ 64GB MicroSD Bundle) (White)",1,1,0,2,8,4.1,21
B07RKYQSRB,"Apple iPhone Xs Max, AT&T, 64GB - Gray - (Renewed)",1,0,0,1,7,4.2,13
B07RL93F7T,Samsung Galaxy A50 SM-A505G 64GB 4GB RAM 25 MP 6.4 Factory Unlocked- Black (Renewed),2,2,2,1,7,3.8,18
B07RM6QYWC,Samsung Galaxy Note 9 SM-N960U 128GB Ocean Blue - Verizon (Renewed),4,1,3,0,13,3.9,28
B07RSSVMH8,Motorola G7 Play 32GB GSM Nano-SIM Phone w/ 13MP Camera - Deep Indigo (Renewed),1,0,0,0,0,1,1
B07RSYRG3R,Motorola Z3 Play - 32GB - Unlocked (AT&T/Sprint/T-Mobile/Verizon) - Deep Indigo (Deep Indigo),1,0,0,2,3,3.7,10
B07RT1X4FJ,"Apple iPhone XS, 256GB, Gray - For AT&T (Renewed)",27,4,9,15,76,3.9,198
B07RWFC6NY,"Samsung Galaxy A70 128GB/6GB SM-A705M/DS 6.7 HD+ Infinity-U 4G/LTE Factory Unlocked Smartphone (International Version , No Warranty) (Blue)",38,10,26,59,283,4.4,586
B07RZ8QFV1,Samsung Galaxy Note 9 N960U 128GB T-Mobile GSM Unlocked - Midnight Black,1,0,0,1,5,4.5,9
B07S41W46Y,"Huawei P30 Lite (128GB, 4GB RAM) 6.15 Display, AI Triple Camera, 32MP Selfie, Dual SIM US + Latin 4G LTE GSM Factory Unlocked MAR-LX3A - International Version (Peacock Blue, 128GB + 64GB SD Bundle)",1,0,1,1,11,4.4,18
B07S4755CM,OnePlus 7 Pro 256GB ROM 8GB RAM Factory Unlocked 6.67 inch QHD+ AMOLED 90Hz Display Dual SIM Mirror Gray,1,1,0,2,18,4.5,28
B07S95SLP6,Samsung Galaxy S7 Edge G935P SM-G935P 32GB - Sprint & GSM Unlocked (Black Onyx),0,0,0,0,1,5,1
B07SB1S9TL,"Samsung Galaxy A20 (32GB, 3GB RAM) 6.4 Super AMOLED, Infinity-V Display, Fast Charge 4000mAh Battery, US & Global 4G LTE Dual SIM GSM Factory Unlocked A205G/DS - International Model (Black, 32GB)",4,0,4,9,20,4,55
B07SBJPYLW,"Motorola One Vision (128GB) 6.3' Full HD Display, 48MP Camera, Dual SIM US + GLOBAL 4G LTE GSM Factory Unlocked XT1970-1 - International Version (Blue)",6,1,2,5,28,4.3,56
B07SCJNSRT,"Samsung Galaxy A10 32GB A105G/DS LTE Unlocked GSM 6.2 HD+ Smartphone - International Version, No Warranty (Blue)",11,2,3,2,30,4.2,100
B07SD888PR,"Samsung Galaxy A10 (32GB, 2GB RAM) 6.2 HD+ Infinity-V Display, Android Pie, Samsung One UI, US + Global 4G LTE Dual SIM GSM Factory Unlocked A105M/DS - International Model (Black, 32GB)",0,0,1,1,3,4.2,15
B07SFZ88SY,Samsung Galaxy Note 9 N960U 128GB Sprint - Ocean Blue (Renewed),1,0,0,0,3,3.8,4
B07SMBJX7X,Verizon Prepaid 4G Smartphone - Motorola Moto E5 Go - Black - Carrier Locked to Verizon Prepaid,0,0,0,0,4,5,5
B07SQB46KY,Samsung Galaxy S10e Verizon + GSM Unlocked 128GB Prism Black (Renewed),4,1,0,1,6,3.3,15
B07SRD34FJ,Samsung Galaxy S10+ Plus Verizon + GSM Unlocked 128GB Flamingo Pink (Renewed),0,0,1,0,0,3,1
B07SRD6SVX,Samsung Galaxy S10e Verizon + GSM Unlocked 128GB Prism White (Renewed),4,1,0,1,6,3.3,15
B07SS3KS2L,"Moto Z4 – Unlocked – 128 GB – (US Warranty) - Verizon, AT&T, T-Mobile, Sprint, Boost, Cricket, Metro (W/ 360 Camera Mod) (Flash Gray)",1,0,0,0,0,1,1
B07SSCV7SS,Samsung Galaxy S10e (SM-G970U) GSM Unlocked + Verizon - 128GB / Prism Blue (Renewed),1,0,0,0,0,1,1
B07STDQDKF,Samsung Galaxy S10 Verizon + GSM Unlocked 128GB Prism White (Renewed),2,1,2,0,3,3.3,10
B07STFZQ9Y,Samsung Galaxy S10 Verizon + GSM Unlocked 128GB Prism Blue (Renewed),2,1,2,0,3,3.3,10
B07SVFGKCJ,Samsung Galaxy S10+ Plus Verizon + GSM Unlocked 128GB Prism Black (Renewed),5,1,1,0,4,3.1,14
B07SVFJ3P5,Samsung Galaxy S10+ Plus Verizon + GSM Unlocked 128GB Prism White (Renewed),3,0,0,0,0,1.5,5
B07SVPKTYK,Verizon Prepaid - Apple iPhone 6S (32GB) - Space Gray,2,0,0,0,0,2.2,4
B07SWFLKYW,Nokia 2.2- Android 9.0 Pie - 32 GB - Single Sim Unlocked Smartphone (AT&T/T-Mobile/Metropcs/Cricket/Mint) - 5.71 HD+ Screen - Black - U.S. Warranty,2,0,1,0,3,3.6,8
B07T3KMJW8,Redmi 7A 2+16Gb Black EU,1,0,0,0,3,3.8,5
B07T6JXP9J,"Moto Z3 Play - Unlocked - 32 GB - Deep Indigo (US Warranty) - Verizon, AT&T, T-Mobile, Sprint (Renewed)",0,0,0,0,1,4.5,2
B07T7MM64L,"Xiaomi Mi 9T (128GB, 6GB RAM) 6.39 AMOLED FHD + Full Screen Display, 48MP Triple Camera, Global 4G LTE Dual SIM GSM Factory Unlocked (Carbon Black)",3,3,2,8,43,4.5,94
B07T9G946J,Nokia 3.1 4G LTE Dual Sim Factory Unlocked 16GB 2GB RAM Android 9 Octa Core,0,0,0,0,1,3.4,2
B07TB7DJ2J,"Xiaomi Redmi 7A (32GB, 2GB RAM) 5.45 Display, Face ID, Dual SIM GSM Factory Unlocked (US + Global 4G LTE International Model) (Black)",0,0,0,1,6,4.1,16
B07TD6F34D,Samsung Galaxy Note 9 128GB - Lavender Purple - Verizon Wireless (Renewed),0,0,0,0,1,5,1
B07TDC7BKR,"Samsung Galaxy A20 SM-A205GDS 32GB, Dual Sim, 6.4 Infinity-V Display, Dual Rear Camera, 3GB RAM, GSM Unlocked International Model, No Warranty (Red)",6,8,3,5,32,4.1,89
B07TDMZ849,Samsung Galaxy J2 Pure Unlocked 4G LTE J260AZ 16GB Quad Core LCD 5 8MP Android 8.1 Desbloqueado,1,0,0,0,0,1,1
B07TDNCVW2,Samsung Galaxy S10+ Plus Verizon + GSM Unlocked 128GB Blue (Renewed),5,0,2,1,1,2.4,14
B07TKQ8QYW,"Motorola Moto G7 Play XT1952 32GB+2GB RAM 5.7 Max Vision LTE Factory Unlocked (International Model, No Warranty) Deep Indigo (Renewed)",0,0,0,1,0,4,3
B07TVW6QY5,"Samsung Galaxy Cellphone S10+ Plus AT&T T-Mobile GSM Unlock (White, 128GB) (Renewed)",0,0,0,0,1,5,1
B07TYW7CSS,"Samsung Galaxy A80 SM-A805F/DS 128GB Dual-SIM (GSM Only, No CDMA) Factory Unlocked 4G/LTE Smartphone - International Version (Phantom Black)",1,0,0,1,11,4.5,23
B07V3TL48P,OnePlus 6T A6013 128GB Mirror Black - US Version T-Mobile GSM Unlocked Phone (Renewed),8,0,4,10,53,4.4,94
B07V5KS95Y,"Samsung Galaxy Note 10+ Plus Factory Unlocked Cell Phone with 512GB (U.S. Warranty), Aura Black/ Note10+",40,17,20,23,156,4.3,475
B07V5NSD8N,Samsung Galaxy A80 SM-A805F/DS Dual Sim (Factory Unlocked) 6.7 128GB 8GB RAM (Ghost White),0,0,0,2,9,4.7,17
B07VB9MMMW,"Xiaomi Mi A3 64GB, 4GB RAM 6.1' 48MP AI Triple Camera LTE Factory Unlocked Smartphone (International Version) (Kind of Grey)",13,4,5,32,113,4.5,252
B07VD3JH2C,"Xiaomi Mi A3 64GB + 4GB RAM, Triple Camera, 4G LTE Smartphone - International Global Version (Not just Blue)",13,4,5,32,113,4.5,252
B07VFPMT2Q,"Samsung Galaxy A20 (32GB, 3GB RAM) 6.4 Super AMOLED, Fast Charge 4000mAh Battery, US & Global 4G LTE GSM Factory Unlocked A205G - International Model (Black, 32GB + 32GB SD Bundle (Single SIM))",2,1,1,2,4,3.9,17
B07VGTHTGN,"Samsung Galaxy A70 128GB/6GB SM-A705MN/DS 6.7 HD+ Infinity-U 4G/LTE Factory Unlocked Smartphone (International Version, No Warranty) (Black) (Renewed)",1,0,0,0,0,1,2
B07VGTS8MJ,"Samsung Galaxy A10 (32GB, 2GB RAM) 6.2 Infinity-V Display, Android 9.0 Pie, US + Global 4G LTE Dual SIM Factory Unlocked A105M/DS - GSM International Model (Red, 32GB + 64GB SD Bundle)",0,0,1,2,4,4.3,7
B07VHRFGV2,Nokia 106 Single Sim (2018) TA-1190 Dual-Band (850/1900) Factory GSM Unlocked Feature Phone (International Model),6,0,0,0,6,3.4,29
B07VPMYXST,"Xiaomi Mi A3 128GB + 4GB RAM, Triple Camera, 4G LTE Smartphone - International Global Version (Not just Blue)",2,0,3,5,51,4.6,92
B07VPXDV59,"Samsung Galaxy A70 (128GB, 6GB RAM) 6.7 in-Screen Fingerprint, 25W Super-Fast Charger, US + Global 4G LTE GSM Unlocked International Model A705MN/DS (Black, 128GB + 128GB SD + Case Bundle)",1,0,3,3,42,4.5,78
B07VYP6VLS,"Huawei Y9 Prime 2019 (128GB, 4GB RAM) 6.59 Display, 3 AI Cameras, 4000mAh Battery, Dual SIM GSM Factory Unlocked - STK-LX3, US & Global 4G LTE International Model (Midnight Black, 128 GB)",3,0,1,5,22,4.3,45
B07VZL1W7K,"Samsung Galaxy A50 US Version Factory Unlocked Cell Phone with 64GB Memory, 6.4 Screen, Black, [SM-A505UZKNXAA]",26,12,22,31,103,4,288
B07VZL3L5V,"Samsung Galaxy A20 US Version Factory Unlocked Cell Phone with 32GB Memory, 6.4 Screen, [SM-A205UZKAXAA], 12 Month Samsung US Warranty, GSM & CDMA Compatible, Black",59,19,27,70,414,4.4,915
B07W14HFQP,Motorola Moto G4 Play (4th Generation) 16GB 4G LTE Unlocked ONLY GSM 5 Inches International Version No Warranty (White),35,13,5,16,53,3.6,133
B07W166JW7,"Samsung Galaxy A50 128GB, 4GB RAM 6.4 Display, 25MP, Triple Camera, Global 4G LTE Dual SIM GSM Factory Unlocked A505G/DS - International Model (Blue, 128 GB)",0,0,0,1,1,4.7,4
B07W7VBHRC,Google - Pixel 3a XL with 64GB Memory Cell Phone (Unlocked) - Clearly White (Renewed),4,0,0,0,5,3.1,11
B07WCCNV2D,"Xiaomi Redmi Note 7 (64GB, 4GB RAM) 6.3 Display, 48MP + 5MP AI Dual Rear Camera, Dual SIM GSM Factory Unlocked - US & Global 4G LTE International Model (Moonlight White)",1,0,1,0,1,3.6,5
B07WGR47L9,Huawei Y5 2019 AMN-LX3 Dual SIM 32GB+2GB RAM 5.71 Display Factory Unlocked (International Version) (Modern Black),1,0,0,3,7,4.5,20
B07WHKYDV3,"Samsung Galaxy Note 10 SM-N970F/DS 256GB 8GB RAM (Factory Unlocked) 6.3 (GSM ONLY, No CDMA) - International Version (Aura Glow)",0,0,0,0,2,5,2
B07WJJFKYW,"Motorola One Action - Unlocked Smartphone - Global Version - 128GB - Denim Blue (US Warranty) - Verizon, AT&T, T-Mobile, Sprint, Boost, Cricket, Metro",4,0,0,3,8,3.8,21
B07WKSVF6X,"Samsung Galaxy A50 128GB, 4GB RAM 6.4 Display, 25MP, Triple Camera, Global 4G LTE Dual SIM GSM Factory Unlocked A505G/DS - International Model (Black, 128GB + 128GB SD + Case Bundle)",0,2,1,1,7,4.1,23
B07WNSK9C1,"Motorola One Action - Made for Latin America & Brazil - (Grey, 128GB, 4GB RAM) - Unlocked - GSM Latin American & Brazilian Bands - (Missing Specific U.S. GSM Bands) - No Warranty - No CDMA - XT2013-1",1,0,0,0,1,3,2
B07WP6ZLL8,"Samsung Galaxy Note 10+ N975F/DS 256GB, 6.8' Dynamic AMOLED Screen, 12GB RAM, Quad Camera, 4K UHD Factory Unlocked LTE Smartphone - (International Version) (Aura Black)",1,0,0,2,1,3.6,7
B07WSJYDXX,Motorola G6 – 32 GB – Unlocked (AT&T/Sprint/T-Mobile/Verizon) – Deep Indigo - (U.S. Warranty) - PAAE0011US,126,45,60,115,427,3.9,836
B07WSXH2W2,"Motorola Moto E5 (16GB, 2GB) 5.7 Display, 4000 mAh All Day Battery, FM radio - (GSM+AT&T+Tmobile + Verizon) Factory Unlocked 4G LTE Smartphone - XT1920DL (US Warranty) (Gray)",2,0,3,4,20,4.4,45
B07WVRJQ7V,"Samsung Galaxy S9 (64GB, 4GB RAM) 5.8 QHD+ Display, IP68 Water Resistance, 3000mAh Battery - GSM/CDMA Unlocked (AT&T/T-Mobile/Verizon/Sprint) w/US Warranty - SM-G960U (Midnight Black)",0,2,0,2,8,4.4,23
B07WW25BSV,"Xiaomi Mi A3 128GB, 4GB RAM 6.1' 48MP AI Triple Camera LTE Factory Unlocked Smartphone (International Version) (Kind of Grey)",2,0,3,5,51,4.6,92
B07WXKWDT2,"Motorola Moto G7 Play (32GB, 2GB RAM) 5.7 HD+ Max Vision Display, Dual SIM GSM Factory Unlocked - XT1952-1, US & Global 4G LTE International Model (Deep Indigo, 32 GB)",4,0,1,1,9,3.8,17
B07X5RRZFP,"Xiaomi Mi 9T Pro (128GB, 6GB RAM) 6.39 Display, Snapdragon 855, AI Rear Triple Camera, Dual SIM GSM Factory Unlocked - US & Global 4G LTE International Version (Glacier Blue)",3,1,0,5,26,4.4,49
B07X5SHN81,"Xiaomi Mi 9T Pro (128GB, 6GB RAM) 6.39 Display, Snapdragon 855, AI Rear Triple Camera, Dual SIM GSM Factory Unlocked - US & Global 4G LTE International Version (Carbon Black)",2,2,0,9,32,4.5,76
B07X5VF1FM,"Xiaomi Mi 9T Pro (128GB, 6GB RAM) 6.39 Display, Snapdragon 855, AI Rear Triple Camera, Dual SIM GSM Factory Unlocked - US & Global 4G LTE International Version (Flame Red)",3,2,1,2,24,4.3,44
B07XF928ZP,Sony Xperia 5 Unlocked Smartphone,0,2,3,3,7,4.1,17
B07XJ5RSX3,"Motorola Moto E6 Smartphone with 16GB Memory, Unlocked - Starry Black",0,0,0,0,1,5,1
B07XQJ33PL,"Samsung Galaxy A10s (32GB, 2GB RAM) 6.2 HD+ Infinity-V Display, 13MP+2MP Dual Rear Camera+8MP Front Facing Camera- 4G LTE Dual SIM GSM Factory Unlocked A107M/DS (Latin Specs M (Black, Dual SIM)",7,1,6,3,29,4.2,98
B07XVMYN2N,"Motorola Moto E6 Plus (32GB, 2GB RAM) 6.1 Max Vision Screen, 3000mAh Removable Battery, Hotspot, FM Radio, US + Global 4G LTE Dual SIM GSM Factory Unlocked XT2025-1 - International Model (Graphite)",0,1,0,0,3,4.4,5
B07XVNDQMR,"OnePlus 6T A6013 Dual Sim 128GB/8GB (Mirror Black) - Factory Unlocked - GSM ONLY, NO CDMA (Renewed)",3,0,0,4,16,4.4,31
B07XVS6NQH,Samsung Galaxy Note 9 N960U 128GB CDMA + GSM Unlocked Smartphone,1,1,0,1,2,3.7,7
B07XVZXR5Y,Nokia 7.2 - Android 9.0 Pie - 128 GB - 48MP Triple Camera - Unlocked Smartphone (AT&T/T-Mobile/MetroPCS/Cricket/Mint) - 6.3 FHD+ HDR Screen - Charcoal - U.S. Warranty,6,3,4,9,16,4,49
B07XW28MHX,Nokia 6.2 - Android 9.0 Pie - 64 GB - Triple Camera - Unlocked Smartphone (AT&T/T-Mobile/MetroPCS/Cricket/Mint) - 6.3 FHD+ HDR Screen - Black - U.S. Warranty,2,0,0,2,7,4.1,17
B07XWVPRWZ,"Moto G7 Play - Unlocked - 32 GB - Deep Indigo (US Warranty) for AT&T, T-Mobile, Sprint, Boost, Cricket, & Metro - PAE80011US (Renewed)",1,0,1,2,0,3.1,5
B07XZJG7V9,Samsung Galaxy S10 Plus G975U 128GB T-Mobile GSM Unlocked - Prism Black (Renewed),0,0,0,0,1,5,1
B07XZMGC3J,"Motorola One Zoom 128GB, 4GB RAM XT2010-1, 48MP Sensor Quad Pixel, 6.4 Full HD+ LTE Factory Unlocked Smartphone - International Version (Grey Techno)",0,0,0,1,1,4.3,5
B07Y336C8S,"Xiaomi Mi 9 Lite 64GB + 6GB RAM, 6.39” AMOLED FHD+ LTE 48MP AI Triple Camera Factory Unlocked Smartphone - Global Version (Aurora Blue)",0,0,0,0,2,5,2
B07Y4YJ98Z,"Xiaomi Mi 9 Lite 128GB + 6GB RAM, 6.39” AMOLED FHD+ LTE 48MP AI Triple Camera Factory Unlocked Smartphone - Global Version (Pearl White)",0,0,1,2,25,4.7,40
B07Y8Q17N9,"Xiaomi Mi 9 Lite (64GB, 6GB RAM) 6.39 Display, Dual SIM GSM Factory Unlocked - US & Global 4G LTE International Version (Onyx Grey, 64 GB)",0,0,1,0,2,4.4,4
B07Y8XK9GC,"Xiaomi Redmi Note 8 Pro (64GB, 6GB) 6.53, 64MP Quad Camera, Helio G90T Gaming Processor, Dual SIM GSM Unlocked - US & Global 4G LTE International Version (Pearl White, 64 GB)",7,1,5,17,71,4.5,148
B07Y8YWTFL,"Xiaomi Redmi Note 8 Pro 64GB, 6GB RAM 6.53 LTE GSM 64MP Factory Unlocked Smartphone - Global Model (Mineral Grey)",7,1,5,17,71,4.5,148
B07YBHNTSK,"Google Pixel 3a XL Verizon Just Black, 64GB (Renewed)",0,0,0,0,1,5,1
B07YBVZ2PW,"ASUS ROG Phone 2 (ZS660KL) Smartphone 128GB ROM 8GB RAM Snapdragon 855 Plus 6000 mAh NFC Android 9.0 - GSM Only International Version, No Warranty (Black)",1,0,1,1,2,3.7,6
B07YF4PB4R,"Xiaomi Mi 9 Lite (128GB, 6GB RAM) 6.39 Display, Dual SIM GSM Factory Unlocked - US & Global 4G LTE International Version (Aurora Blue, 128 GB)",1,0,0,0,4,4.1,6
B07YJHXZT6,"Xiaomi Redmi Note 8 64GB + 4GB RAM, 6.3 LTE 48MP Factory Unlocked GSM Smartphone - International Version (Moonlight White)",3,1,4,7,55,4.6,103
B07YMNLXL3,Google Pixel 4 - Just Black - 64GB - Unlocked,29,17,14,25,89,4.2,241
B07YN4TPDW,"Xiaomi Redmi Note 8 (64GB, 4GB) 6.3 Display, Snapdragon 665, 48MP Quad Camera, Dual SIM GSM Factory Unlocked - US & Global 4G LTE International Version (Space Black, 64GB +Case Bundle)",2,0,0,1,4,3.7,11
B07YQ58NPF,"Xiaomi Redmi Note 8 Pro 128GB, 6GB RAM 6.53 LTE GSM 64MP Smartphone - Global Model (Mineral Grey)",5,1,1,9,65,4.6,127
B07YSSGS7C,"Samsung Galaxy S10e G970U Sprint + GSM Unlocked 256GB (U.S. Warranty), Flamingo Pink (Renewed)",1,0,0,0,0,1,1
B07YVGVQKL,"Samsung Galaxy A50 SM-A505G 128GB, Dual Sim, 6.4 Infinity-U Display, Triple Camera, 4GB RAM, GSM Unlocked International Model, No Warranty (White)",1,2,0,1,1,3.3,7
B07YVH6QRT,"Samsung Original Galaxy Watch Active2 w/; auto Workout Tracking, and pace Coaching Enhanced Sleep Tracking Analysis Stainless Steel CASE and Leather Band (International Model) (Black, 44mm) No LTE",0,0,1,2,4,3.9,8
B07YZLRS3Z,"Xiaomi Redmi Note 8 64GB + 4GB RAM, 6.3 LTE 48MP Factory Unlocked GSM Smartphone - International Version (Space Black)",3,1,4,7,55,4.6,103
B07YZS1PBD,"Motorola Moto E6 Plus (64GB, 4GB) 6.1, 3000mAh Removable Battery, FM Radio, US + Global 4G LTE Dual SIM GSM Factory Unlocked XT2025-1 - International Model (Graphite, 64 GB)",0,0,1,0,2,4.3,3
B07YZS6QT3,"Samsung Galaxy A30S w/On-Screen Fingerprint (64GB, 4GB) 6.4, Triple Camera, Dual SIM GSM Unlocked A307G/DS - US + Global 4G LTE International Model (64GB + 64GB SD + Case Bundle) (Black)",1,0,0,0,13,4.5,26
B07Z3XZDT5,"Samsung Galaxy Note 10 Factory Unlocked Cell Phone with 256GB (U.S. Warranty), Aura Black/ Note10 (Renewed)",5,0,1,2,6,3.5,18
B07Z41LHPB,"Samsung Galaxy Note 10+ Plus 256GB GSM Unlocked Smartphone, Aura Glow / Silver (Renewed)",5,0,2,0,2,2.8,11
B07Z8BL2VW,"Xiaomi Redmi 8A (32GB, 2GB RAM) 6.22 HD Display, Snapdragon 439, 5000mAh Battery, Dual SIM GSM Unlocked - US & Global 4G LTE International Version (Midnight Black, 32 GB)",0,0,0,0,7,4.4,9
B07ZDJ6V5S,"Oneplus 7 Pro GM1910 256GB, 8GB, Dual Sim, 6.67 inch, 48MP Main Lens Triple Camera, GSM Unlocked International Model, No Warranty (Nebula Blue) (Renewed)",1,0,0,0,0,1,1
B07ZDJCL76,"Samsung Galaxy A20s A207/DS, 32GB/3GB RAM Dual SIM 6.5'HD+ Snapdragon 450, Factory Unlocked (International Version) - (Black)",1,2,2,3,29,4.4,52
B07ZG6W4S2,Motorola Moto G8 Play XT2015-2 (32GB) 6.2 (19:9) HD+ 4G LTE GSM Factory Unlocked Smartphone (International Version) (Obsidian Grey),1,0,0,1,5,4.1,8
B07ZGHYFZ4,Xiaomi Mi Note 10 128GB 108MP Penta Camera 6.47″ LTE Factory Unlocked Smartphone (International Version) (Glacier White),0,0,0,0,3,5,3
B07ZHPCJW3,OnePlus 7T 8GB RAM 128GB ROM Factory Unlocked 6.55 inch AMOLED 90Hz Display Dual SIM Frosted Silver US Warranty,2,0,0,0,2,3.2,5
B07ZP9ZWFM,Google Pixel 3a G202G with 64GB Memory Cell Phone (Unlocked) - Just Blak (Renewed),0,0,0,0,2,5,2
B07ZPJBN55,"Motorola Moto G8 Play (32GB, 2GB RAM) 6.2 HD+ Display, Dual SIM GSM Unlocked (at&T/T-Mobile/MetroPCS/Cricket/H2O) - XT2015-2 - International Version (Obsidian Grey, 32GB + 64GB SD + Case Bundle)",1,0,0,1,5,4.1,8
B07ZPKBL9V,"Apple iPhone 11, 64GB, Unlocked - Red (Renewed)",0,0,0,0,1,5,1
B07ZPKZSSC,"Apple iPhone 11 Pro, 64GB, Fully Unlocked - Space Gray (Renewed)",1,0,0,0,0,1,1
B07ZQSGP53,"Xiaomi Redmi Note 8, 32GB/3GB RAM 6.3 FHD+ Display Snapdragon 665, Dual SIM Factory Unlocked Global Version (Space Black)",0,0,0,1,2,4.6,3
B081H6STQQ,Sony Xperia 1 Unlocked Smartphone and WH1000XM3 Wireless Noise Cancelling Heaphones,3,2,6,8,40,4.5,70
B081TJFVCJ,"Apple iPhone X, 64GB, Gray - Fully Unlocked (Renewed)",0,0,0,0,1,5,1
B0825BB7SG,Straight Talk Samsung Galaxy A10e Smartphone 5.8 32GB Memory 8MP Camera,0,0,0,0,1,5,1